Label,MAC Address,Inlet Name,Name,Location,Manufacturer,Model,Firmware,Health,Inlet 1 L1 Current (A),Inlet 1 L2 Current (A),Inlet 1 L3 Current (A),Active Power (W),Apparent Power (VA),Inlet Temperature (C),Belongs to
10.212.4.4 - 1,00:0d:5d:0f:87:11,"",3W01R1,,Raritan,PX3-1842V-K1,3.4.0.5-44367,Good,1.893,,,392.0,416.0,,3W01
10.212.4.4 - 2,,"",3W01B1,,Raritan,PX3-1842V-K2,3.4.0.5-44367,Good,1.167,,,196.0,256.0,,3W01
10.212.4.5 - 1,00:0d:5d:10:db:18,"",3S01R1,,Raritan,PX3-1842V-K1,3.4.0.5-44367,Critical,0.467,,,65.0,103.0,,3S01
10.212.4.5 - 2,,"",3S01B1,,Raritan,PX3-1842V-K2,3.4.0.5-44367,Good,0.486,,,72.0,107.0,,3S01
10.212.4.6 - 1,00:0d:5d:10:db:17,"",3S02B1,,Raritan,PX3-1842V-K2,3.4.0.5-44367,Good,0.153,,,22.0,34.0,,3S02
10.212.4.6 - 2,,"",3S02R1,,Raritan,PX3-1842V-K1,3.4.0.5-44367,Good,0.129,,,17.0,28.0,,3S02
10.212.4.7 - 1,00:0d:5d:0f:87:d2,"",3S03R1,,Raritan,PX3-1842V-K1,3.4.0.5-44367,Good,0.0,,,,,,3S03
10.212.4.7 - 2,,"",3S03B1,,Raritan,PX3-1842V-K2,3.4.0.5-44367,Good,0.0,,,,,,3S03
10.212.4.8 - 1,00:0d:5d:0f:88:23,"",3S04B1,,Raritan,PX3-1842V-K2,3.4.0.5-44367,Critical,0.0,,,,,,3S04
10.212.4.8 - 2,,"",3S04R1,,Raritan,PX3-1842V-K1,3.4.0.5-44367,Good,0.0,,,,,,3S04
10.212.12.21 - 1,,,AC-01,unknown,1F InRow Fan,InRow Fan,,Warning,,,,,,,IMC3
10.212.12.21 - 2,,,AC-02,unknown,1F InRow Fan,InRow Fan,,Warning,,,,,,,IMC3
10.212.12.21 - 3,,,AC-03,unknown,1F InRow Fan,InRow Fan,,Warning,,,,,,,IMC3
10.212.12.21 - 4,,,AC-04,unknown,1F InRow Fan,InRow Fan,,Good,,,,,,,IMC3
10.212.12.21 - 5,,,AC-05,unknown,1F InRow Fan,InRow Fan,,Good,,,,,,,IMC3
10.212.12.21 - 6,,,AC-06,unknown,1F InRow Fan,InRow Fan,,Good,,,,,,,IMC3
10.212.12.21 - 7,,,AC-07,unknown,1F InRow Fan,InRow Fan,,Good,,,,,,,IMC3
10.212.12.21 - 8,,,AC-08,unknown,1F InRow Fan,InRow Fan,,Good,,,,,,,IMC3
10.212.12.21 - 9,,,AC-09,unknown,1F InRow Fan,InRow Fan,,Good,,,,,,,IMC3
10.212.12.21 - 10,,,AC-10,unknown,1F InRow Fan,InRow Fan,,Good,,,,,,,IMC3
10.212.12.21 - 11,,,AC-B1,unknown,1F InRow Fan,InRow Fan,,Good,,,,,,,IMC3
10.212.12.21 - 12,,,AC-B2,unknown,1F InRow Fan,InRow Fan,,Good,,,,,,,IMC3
10.212.12.21 - 13,,,AC-B3,unknown,1F InRow Fan,InRow Fan,,Good,,,,,,,IMC3
10.212.12.21 - 14,,,AC-B4,unknown,1F InRow Fan,InRow Fan,,Good,,,,,,,IMC3
10.212.12.21 - 15,,,AC-B5,unknown,1F InRow Fan,InRow Fan,,Good,,,,,,,IMC3
10.212.12.21 - 16,,,AC-B6,unknown,1F InRow Fan,InRow Fan,,Good,,,,,,,IMC3
10.212.12.21 - 17,,,AC-B7,unknown,1F InRow Fan,InRow Fan,,Good,,,,,,,IMC3
10.212.12.21 - 18,,,AC-B8,unknown,1F InRow Fan,InRow Fan,,Good,,,,,,,IMC3
10.212.12.21 - 19,,,AC-B9,unknown,1F InRow Fan,InRow Fan,,Good,,,,,,,IMC3
10.212.12.21 - 20,,,AC-B10,unknown,1F InRow Fan,InRow Fan,,Good,,,,,,,IMC3
10.212.12.21 - 113,,,TS-13,unknown,1F Temp Humidity Sensor,1F Temp Humidity Sensor,,Good,,,,,,24.3,3B42
10.212.12.21 - 116,,,TS-16,unknown,1F Temp Humidity Sensor,1F Temp Humidity Sensor,,Good,,,,,,23.9,3B59
10.212.12.21 - 117,,,TS-17,unknown,1F Temp Humidity Sensor,1F Temp Humidity Sensor,,Good,,,,,,22.8,3A63
10.212.12.21 - 118,,,TS-18,unknown,1F Temp Humidity Sensor,1F Temp Humidity Sensor,,Good,,,,,,26.4,3B69
10.212.12.21 - 119,,,TS-19,unknown,1F Temp Humidity Sensor,1F Temp Humidity Sensor,,Good,,,,,,25.4,3A42
10.212.12.21 - 120,,,TS-20,unknown,1F Temp Humidity Sensor,1F Temp Humidity Sensor,,Good,,,,,,21.8,3B47
10.212.12.21 - 121,,,TS-21,unknown,1F Temp Humidity Sensor,1F Temp Humidity Sensor,,Good,,,,,,21.9,3B53
10.212.12.21 - 124,,,TS-24,unknown,1F Temp Humidity Sensor,1F Temp Humidity Sensor,,Good,,,,,,24.9,3A69
10.212.12.21 - 125,,,TS-25,unknown,1F Temp Humidity Sensor,1F Temp Humidity Sensor,,Good,,,,,,25.6,3B01
10.212.12.21 - 126,,,TS-26,unknown,1F Temp Humidity Sensor,1F Temp Humidity Sensor,,Good,,,,,,23.2,3B27
10.212.12.21 - 127,,,TS-27,unknown,1F Temp Humidity Sensor,1F Temp Humidity Sensor,,Good,,,,,,23.4,3B30
10.212.12.21 - 128,,,TS-28,unknown,1F Temp Humidity Sensor,1F Temp Humidity Sensor,,Good,,,,,,22.3,3A36
10.212.12.21 - 129,,,TS-29,unknown,1F Temp Humidity Sensor,1F Temp Humidity Sensor,,Good,,,,,,22.9,3A38
10.212.12.21 - 130,,,TS-30,unknown,1F Temp Humidity Sensor,1F Temp Humidity Sensor,,Good,,,,,,26.4,3A31
10.212.12.21 - 131,,,TS-31,unknown,1F Temp Humidity Sensor,1F Temp Humidity Sensor,,Good,,,,,,25.0,3A01
10.212.12.21 - 132,,,TS-32,unknown,1F Temp Humidity Sensor,1F Temp Humidity Sensor,,Good,,,,,,23.3,3B07
10.212.12.21 - 133,,,TS-33,unknown,1F Temp Humidity Sensor,1F Temp Humidity Sensor,,Good,,,,,,22.1,3A13
10.212.12.21 - 134,,,TS-34,unknown,1F Temp Humidity Sensor,1F Temp Humidity Sensor,,Good,,,,,,23.4,3B16
10.212.12.21 - 135,,,TS-35,unknown,1F Temp Humidity Sensor,1F Temp Humidity Sensor,,Good,,,,,,21.8,3A22
10.212.12.21 - 136,,,TS-36,unknown,1F Temp Humidity Sensor,1F Temp Humidity Sensor,,Good,,,,,,23.8,3B22
10.212.12.21 - 202,,,CRAC-IF-02,unknown,1F CRAC,1F CRAC,,Good,,,,,,,IMC3
10.212.12.21 - 203,,,CRAC-IF-03,unknown,1F CRAC,1F CRAC,,Good,,,,,,,IMC3
10.212.12.21 - 204,,,CRAC-IF-04,unknown,1F CRAC,1F CRAC,,Good,,,,,,,IMC3
10.212.12.21 - 205,,,CRAC-IF-05,unknown,1F CRAC,1F CRAC,,Good,,,,,,,IMC3
10.212.12.21 - 206,,,CRAC-IF-06,unknown,1F CRAC,1F CRAC,,Good,,,,,,,IMC3
10.212.12.21 - 212,,,CRAC-IF-12,unknown,1F CRAC,1F CRAC,,Good,,,,,,,IMC3
10.212.12.21 - 213,,,CRAC-IF-13,unknown,1F CRAC,1F CRAC,,Good,,,,,,,IMC3
10.212.12.21 - 214,,,CRAC-IF-14,unknown,1F CRAC,1F CRAC,,Good,,,,,,,IMC3
10.212.12.21 - 215,,,CRAC-IF-15,unknown,1F CRAC,1F CRAC,,Good,,,,,,,IMC3
10.212.12.21 - 216,,,CRAC-IF-16,unknown,1F CRAC,1F CRAC,,Good,,,,,,,IMC3
10.212.12.21 - 301,,,PDU-1F-D06,unknown,1F,1F Floor PDU,,Good,,,,,,,IMC3
10.212.12.21 - 302,,,PDU-1F-A02,unknown,1F,1F Floor PDU,,Good,,,,,,,IMC3
10.212.12.21 - 303,,,PDU-1F-A04,unknown,1F,1F Floor PDU,,Good,,,,,,,IMC3
10.212.12.21 - 304,,,PDU-1F-A06,unknown,1F,1F Floor PDU,,Good,,,,,,,IMC3
10.212.12.21 - 305,,,PDU-1F-B02,unknown,1F,1F Floor PDU,,Good,,,,,,,IMC3
10.212.12.21 - 306,,,PDU-1F-B05,unknown,1F,1F Floor PDU,,Good,,,,,,,IMC3
10.212.12.21 - 307,,,PDU-1F-B06,unknown,1F,1F Floor PDU,,Good,,,,,,,IMC3
10.212.12.21 - 308,,,PDU-1F-C02,unknown,1F,1F Floor PDU,,Good,,,,,,,IMC3
10.212.12.21 - 309,,,PDU-1F-C06,unknown,1F,1F Floor PDU,,Good,,,,,,,IMC3
10.212.12.21 - 310,,,PDU-1F-D02,unknown,1F,1F Floor PDU,,Good,,,,,,,IMC3
10.212.12.21 - 311,,,PDU-1F-D03,unknown,1F,1F Floor PDU,,Good,,,,,,,IMC3
10.212.12.21 - 312,,,PDU-1F-D04,unknown,1F,1F Floor PDU,,Good,,,,,,,IMC3
10.212.12.21 - 501,,,Ves-1F-01,unknown,1F Vesda,1F Vesda,,Good,,,,,,,IMC3
10.212.12.21 - 502,,,Ves-1F-02,unknown,1F Vesda,1F Vesda,,Good,,,,,,,IMC3
10.212.12.21 - 503,,,1F-FM200,unknown,1F FM200,1FFM200_DC,,Good,,,,,,,IMC3
10.212.12.21 - 504,,,1F-WLP-Z1,unknown,1F Water Leak,1F Water Leak Protection,,Good,,,,,,,IMC3
10.212.12.21 - 505,,,In-Row CH-A,unknown,1F Chiller,1F InRow Chiller,,Good,,,,,,,IMC3
10.212.12.21 - 506,,,In-Row CH-B,unknown,1F Chiller,1F InRow Chiller,,Warning,,,,,,,IMC3
10.212.12.21 - 512,,,IMC3 BMS Primary,unknown,Honeywell,IMC3 BMS Primary,,Critical,,,,,,,IMC3
10.212.12.22 - 512,,,IMC3 BMS Backup,unknown,Honeywell,IMC3 BMS Backup,,Critical,,,,,,,IMC3
10.212.12.23 - 1,,,AC-01,unknown,LG5 InRow Fan,LG5 InRow Fan,,Good,,,,,,,IMC4
10.212.12.23 - 2,,,AC-02,unknown,LG5 InRow Fan,LG5 InRow Fan,,Good,,,,,,,IMC4
10.212.12.23 - 3,,,AC-03,unknown,LG5 InRow Fan,LG5 InRow Fan,,Good,,,,,,,IMC4
10.212.12.23 - 4,,,AC-04,unknown,LG5 InRow Fan,LG5 InRow Fan,,Good,,,,,,,IMC4
10.212.12.23 - 5,,,AC-05,unknown,LG5 InRow Fan,LG5 InRow Fan,,Good,,,,,,,IMC4
10.212.12.23 - 6,,,AC-06,unknown,LG5 InRow Fan,LG5 InRow Fan,,Good,,,,,,,IMC4
10.212.12.23 - 7,,,AC-07,unknown,LG5 InRow Fan,LG5 InRow Fan,,Good,,,,,,,IMC4
10.212.12.23 - 8,,,AC-09,unknown,LG5 InRow Fan,LG5 InRow Fan,,Good,,,,,,,IMC4
10.212.12.23 - 9,,,AC-08,unknown,LG5 InRow Fan,LG5 InRow Fan,,Good,,,,,,,IMC4
10.212.12.23 - 10,,,AC-10,unknown,LG5 InRow Fan,LG5 InRow Fan,,Good,,,,,,,IMC4
10.212.12.23 - 11,,,AC-11,unknown,LG5 InRow Fan,LG5 InRow Fan,,Good,,,,,,,IMC4
10.212.12.23 - 12,,,AC-12,unknown,LG5 InRow Fan,LG5 InRow Fan,,Good,,,,,,,IMC4
10.212.12.23 - 13,,,AC-13,unknown,LG5 InRow Fan,LG5 InRow Fan,,Good,,,,,,,IMC4
10.212.12.23 - 14,,,AC-14,unknown,LG5 InRow Fan,LG5 InRow Fan,,Good,,,,,,,IMC4
10.212.12.23 - 15,,,AC-15,unknown,LG5 InRow Fan,LG5 InRow Fan,,Good,,,,,,,IMC4
10.212.12.23 - 16,,,AC-16,unknown,LG5 InRow Fan,LG5 InRow Fan,,Good,,,,,,,IMC4
10.212.12.23 - 17,,,AC-17,unknown,LG5 InRow Fan,LG5 InRow Fan,,Good,,,,,,,IMC4
10.212.12.23 - 18,,,AC-18,unknown,LG5 InRow Fan,LG5 InRow Fan,,Good,,,,,,,IMC4
10.212.12.23 - 19,,,AC-19,unknown,LG5 InRow Fan,LG5 InRow Fan,,Good,,,,,,,IMC4
10.212.12.23 - 20,,,AC-20,unknown,LG5 InRow Fan,LG5 InRow Fan,,Good,,,,,,,IMC4
10.212.12.23 - 114,,,LG5 TH14,unknown,LG5 Temp Humidity Sensor,LG5 Temp Humidity Sensor,,Critical,,,,,,21.8,4A63
10.212.12.23 - 115,,,LG5 TH15,unknown,LG5 Temp Humidity Sensor,LG5 Temp Humidity Sensor,,Critical,,,,,,22.9,4B64
10.212.12.23 - 116,,,LG5 TH16,unknown,LG5 Temp Humidity Sensor,LG5 Temp Humidity Sensor,,Critical,,,,,,23.3,4B66
10.212.12.23 - 117,,,LG5 TH17,unknown,LG5 Temp Humidity Sensor,LG5 Temp Humidity Sensor,,Critical,,,,,,26.6,4B61
10.212.12.23 - 118,,,LG5 TH18,unknown,LG5 Temp Humidity Sensor,LG5 Temp Humidity Sensor,,Critical,,,,,,25.9,4B69
10.212.12.23 - 119,,,LG5 TH19,unknown,LG5 Temp Humidity Sensor,LG5 Temp Humidity Sensor,,Critical,,,,,,22.5,4B45
10.212.12.23 - 120,,,LG5 TH20,unknown,LG5 Temp Humidity Sensor,LG5 Temp Humidity Sensor,,Critical,,,,,,21.9,4B51
10.212.12.23 - 121,,,LG5 TH21,unknown,LG5 Temp Humidity Sensor,LG5 Temp Humidity Sensor,,Critical,,,,,,21.5,4A57
10.212.12.23 - 122,,,LG5 TH22,unknown,LG5 Temp Humidity Sensor,LG5 Temp Humidity Sensor,,Good,,,,,,22.5,4A45
10.212.12.23 - 123,,,LG5 TH23,unknown,LG5 Temp Humidity Sensor,LG5 Temp Humidity Sensor,,Critical,,,,,,23.8,4A57
10.212.12.23 - 124,,,LG5 TH24,unknown,LG5 Temp Humidity Sensor,LG5 Temp Humidity Sensor,,Critical,,,,,,22.8,4B32
10.212.12.23 - 125,,,LG5 TH25,unknown,LG5 Temp Humidity Sensor,LG5 Temp Humidity Sensor,,Critical,,,,,,21.0,4B36
10.212.12.23 - 126,,,LG5 TH26,unknown,LG5 Temp Humidity Sensor,LG5 Temp Humidity Sensor,,Critical,,,,,,23.5,4A44
10.212.12.23 - 127,,,LG5 TH27,unknown,LG5 Temp Humidity Sensor,LG5 Temp Humidity Sensor,,Critical,,,,,,26.8,4B01
10.212.12.23 - 128,,,LG5 TH28,unknown,LG5 Temp Humidity Sensor,LG5 Temp Humidity Sensor,,Good,,,,,,23.9,4B29
10.212.12.23 - 129,,,LG5 TH29,unknown,LG5 Temp Humidity Sensor,LG5 Temp Humidity Sensor,,Critical,,,,,,22.7,4B06
10.212.12.23 - 130,,,LG5 TH30,unknown,LG5 Temp Humidity Sensor,LG5 Temp Humidity Sensor,,Critical,,,,,,22.5,4A12
10.212.12.23 - 131,,,LG5 TH31,unknown,LG5 Temp Humidity Sensor,LG5 Temp Humidity Sensor,,Critical,,,,,,22.5,4B18
10.212.12.23 - 132,,,LG5 TH32,unknown,LG5 Temp Humidity Sensor,LG5 Temp Humidity Sensor,,Critical,,,,,,22.7,4A24
10.212.12.23 - 133,,,LG5 TH33,unknown,LG5 Temp Humidity Sensor,LG5 Temp Humidity Sensor,,Critical,,,,,,22.9,4A01
10.212.12.23 - 134,,,LG5 TH34,unknown,LG5 Temp Humidity Sensor,LG5 Temp Humidity Sensor,,Critical,,,,,,25.2,4A29
10.212.12.23 - 207,,,CRAC-LG5-07,unknown,LG5 CRAC,LG5 CRAC,,Good,,,,,,,IMC4
10.212.12.23 - 208,,,CRAC-LG5-08,unknown,LG5 CRAC,LG5 CRAC,,Good,,,,,,,IMC4
10.212.12.23 - 209,,,CRAC-LG5-09,unknown,LG5 CRAC,LG5 CRAC,,Good,,,,,,,IMC4
10.212.12.23 - 210,,,CRAC-LG5-10,unknown,LG5 CRAC,LG5 CRAC,,Good,,,,,,,IMC4
10.212.12.23 - 211,,,CRAC-LG5-11,unknown,LG5 CRAC,LG5 CRAC,,Good,,,,,,,IMC4
10.212.12.23 - 212,,,CRAC-LG5-12,unknown,LG5 CRAC,LG5 CRAC,,Good,,,,,,,IMC4
10.212.12.23 - 213,,,CRAC-LG5-13,unknown,LG5 CRAC,LG5 CRAC,,Good,,,,,,,IMC4
10.212.12.23 - 214,,,CRAC-LG5-14,unknown,LG5 CRAC,LG5 CRAC,,Good,,,,,,,IMC4
10.212.12.23 - 215,,,CRAC-LG5-15,unknown,LG5 CRAC,LG5 CRAC,,Good,,,,,,,IMC4
10.212.12.23 - 216,,,CRAC-LG5-16,unknown,LG5 CRAC,LG5 CRAC,,Good,,,,,,,IMC4
10.212.12.23 - 217,,,CRAC-LG5-17,unknown,LG5 CRAC,LG5 CRAC,,Good,,,,,,,IMC4
10.212.12.23 - 218,,,CRAC-LG5-18,unknown,LG5 CRAC,LG5 CRAC,,Good,,,,,,,IMC4
10.212.12.23 - 219,,,CRAC-LG5-19,unknown,LG5 CRAC,LG5 CRAC,,Good,,,,,,,IMC4
10.212.12.23 - 220,,,CRAC-LG5-20,unknown,LG5 CRAC,LG5 CRAC,,Good,,,,,,,IMC4
10.212.12.23 - 307,,,PDU-LG5-A7,unknown,LG5,LG5 Floor PDU,,Good,,,,,,,IMC4
10.212.12.23 - 308,,,PDU-LG5-A8,unknown,LG5,LG5 Floor PDU,,Good,,,,,,,IMC4
10.212.12.23 - 309,,,PDU-LG5-A9,unknown,LG5,LG5 Floor PDU,,Good,,,,,,,IMC4
10.212.12.23 - 310,,,PDU-LG5-A10,unknown,LG5,LG5 Floor PDU,,Good,,,,,,,IMC4
10.212.12.23 - 311,,,PDU-LG5-A11,unknown,LG5,LG5 Floor PDU,,Good,,,,,,,IMC4
10.212.12.23 - 407,,,PDU-LG5-B7,unknown,LG5,LG5 Floor PDU,,Good,,,,,,,IMC4
10.212.12.23 - 408,,,PDU-LG5-B8,unknown,LG5,LG5 Floor PDU,,Good,,,,,,,IMC4
10.212.12.23 - 409,,,PDU-LG5-B9,unknown,LG5,LG5 Floor PDU,,Good,,,,,,,IMC4
10.212.12.23 - 410,,,PDU-LG5-B10,unknown,LG5,LG5 Floor PDU,,Good,,,,,,,IMC4
10.212.12.23 - 411,,,PDU-LG5-B11,unknown,LG5,LG5 Floor PDU,,Good,,,,,,,IMC4
10.212.12.23 - 504,,,LG5-WLP-Z1,unknown,LG5 Water Leak,LG5 Water Leak Protection,,Good,,,,,,,IMC4
10.212.12.23 - 505,,,LG5-WLP-Z2,unknown,LG5 Water Leak,LG5 Water Leak Protection,,Good,,,,,,,IMC4
10.212.12.23 - 506,,,LG5FM200,unknown,LG5 FM200,LG5FM200_DC,,Good,,,,,,,IMC4
10.212.12.23 - 507,,,Ves-LG5-01,unknown,LG5 Vesda,LG5 Vesda,,Good,,,,,,,IMC4
10.212.12.23 - 508,,,In-Row CH-A,unknown,LG5 Chiller,LG5 InRow Chiller,,Good,,,,,,,IMC4
10.212.12.23 - 509,,,In-Row CH-B,unknown,LG5 Chiller,LG5 InRow Chiller,,Good,,,,,,,IMC4
10.212.12.23 - 510,,,Ves-LG5-02,unknown,LG5 Vesda,LG5 Vesda,,Good,,,,,,,IMC4
10.212.12.23 - 511,,,LG5-WLP-Z3,unknown,LG5 Water Leak,LG5 Water Leak Protection,,Good,,,,,,,IMC4
10.212.12.23 - 512,,,IMC4 BMS Primary,unknown,Honeywell,IMC4 BMS Primary,,Critical,,,,,,,IMC4
10.212.12.24 - 512,,,IMC4 BMS Backup,unknown,Honeywell,IMC4 BMS Backup,,Critical,,,,,,,IMC4
10.215.4.4 - 1,00:0d:5d:0f:87:a5,"",4W01R1,,Raritan,PX3-1842V-K1,3.4.0.5-44367,Critical,1.397,,,293.0,309.0,,4W01
10.215.4.4 - 2,,"",4W01B1,,Raritan,PX3-1842V-K2,3.4.0.5-44367,Critical,0.9,,,139.0,198.0,,4W01
10.215.4.5 - 1,00:0d:5d:0f:87:57,"",4S01R1,,Raritan,PX3-1842V-K1,3.4.0.5-44367,Critical,,,,,,,4S01
10.215.4.5 - 2,,"",4S01B1,,Raritan,PX3-1842V-K2,3.4.0.5-44367,Critical,,,,,,,4S01
10.215.4.6 - 1,00:0d:5d:0f:88:d1,"",4S02B1,,Raritan,PX3-1842V-K2,3.4.0.5-44367,Critical,,,,,,,4S02
10.215.4.6 - 2,,"",4S02R1,,Raritan,PX3-1842V-K1,3.4.0.5-44367,Critical,,,,,,,4S02
10.215.4.7 - 1,00:0d:5d:0f:87:d4,"",4S03R1,,Raritan,PX3-1842V-K1,3.4.0.5-44367,Critical,0.0,,,,,,4S03
10.215.4.7 - 2,,"",4S03B1,,Raritan,PX3-1842V-K2,3.4.0.5-44367,Critical,0.0,,,,,,4S03
10.215.4.8 - 1,00:0d:5d:0f:87:ef,"",4S04B1,,Raritan,PX3-1842V-K2,3.4.0.5-44367,Critical,0.0,,,,,,4S04
10.215.4.8 - 2,,"",4S04R1,,Raritan,PX3-1842V-K1,3.4.0.5-44367,Critical,0.0,,,,,,4S04
10.218.76.51 - 1,00:0d:5d:0f:86:ed,"",3A01R1,,Raritan,PX3-1842V-K1,3.4.0.5-44367,Good,4.403,,,935.0,960.0,,3A01
10.218.76.51 - 2,,"",3A01B1,,Raritan,PX3-1842V-K2,3.4.0.5-44367,Good,2.192,,,425.0,478.0,23.8,3A01
10.218.76.52 - 1,00:0d:5d:0f:86:ef,"",3A02R1,,Raritan,PX3-1842V-K1,3.4.0.5-44367,Good,2.141,,,424.0,467.0,,3A02
10.218.76.52 - 2,,"",3A02B1,,Raritan,PX3-1842V-K2,3.4.0.5-44367,Good,2.87,,,593.0,627.0,23.8,3A02
10.218.76.53 - 1,00:0d:5d:0f:87:5b,"",3A03R1,,Raritan,PX3-1842V-K1,3.4.0.5-44367,Good,4.802,,,1025.0,1047.0,,3A03
10.218.76.53 - 2,,"",3A03B1,,Raritan,PX3-1842V-K2,3.4.0.5-44367,Good,1.197,,,189.0,262.0,23.9,3A03
10.218.76.54 - 1,00:0d:5d:0f:87:38,"",3A04R1,,Raritan,PX3-1842V-K1,3.4.0.5-44367,Good,2.854,,,612.0,622.0,,3A04
10.218.76.54 - 2,,"",3A04B1,,Raritan,PX3-1842V-K2,3.4.0.5-44367,Good,1.036,,,204.0,227.0,25.0,3A04
10.218.76.55 - 1,00:0d:5d:0f:86:eb,"",3A05R1,,Raritan,PX3-1842V-K1,3.4.0.5-44367,Good,0.546,,,114.0,120.0,,3A05
10.218.76.55 - 2,,"",3A05B1,,Raritan,PX3-1842V-K2,3.4.0.5-44367,Good,0.465,,,94.0,102.0,24.9,3A05
10.218.76.56 - 1,00:0d:5d:0f:86:dd,"",3A06R1,,Raritan,PX3-1842V-K1,3.4.0.5-44367,Good,3.368,,,693.0,735.0,,3A06
10.218.76.56 - 2,,"",3A06B1,,Raritan,PX3-1842V-K2,3.4.0.5-44367,Warning,3.731,,,774.0,814.0,24.3,3A06
10.218.76.57 - 1,00:0d:5d:0f:87:72,"",3A07R1,,Raritan,PX3-1842V-K1,3.4.0.5-44367,Good,3.553,,,736.0,774.0,,3A07
10.218.76.57 - 2,,"",3A07B1,,Raritan,PX3-1842V-K2,3.4.0.5-44367,Good,3.682,,,767.0,802.0,23.1,3A07
10.218.76.58 - 1,00:0d:5d:0f:87:da,"",3A08R1,,Raritan,PX3-1842V-K1,3.4.0.5-44367,Good,3.33,,,705.0,726.0,,3A08
10.218.76.58 - 2,,"",3A08B1,,Raritan,PX3-1842V-K2,3.4.0.5-44367,Good,3.257,,,691.0,711.0,23.7,3A08
10.218.76.59 - 1,00:0d:5d:0f:87:75,"",3A09R1,,Raritan,PX3-1842V-K1,3.4.0.5-44367,Good,3.881,,,827.0,846.0,,3A09
10.218.76.59 - 2,,"",3A09R2,,Raritan,PX3-1842V-K1,3.4.0.5-44367,Good,8.064,,,1706.0,1750.0,,3A09
10.218.76.59 - 3,,"",3A09B1,,Raritan,PX3-1842V-K2,3.4.0.5-44367,Good,3.461,,,728.0,756.0,24.1,3A09
10.218.76.59 - 4,,"",3A09B2,,Raritan,PX3-1842V-K2,3.4.0.5-44367,Good,7.648,,,1620.0,1659.0,,3A09
10.218.76.60 - 1,00:0d:5d:0f:86:fd,"",3A10R1,,Raritan,PX3-1842V-K1,3.4.0.5-44367,Good,3.36,,,709.0,732.0,,3A10
10.218.76.60 - 2,,"",3A10R2,,Raritan,PX3-1842V-K1,3.4.0.5-44367,Good,0.0,,,,,,3A10
10.218.76.60 - 3,,"",3A10B1,,Raritan,PX3-1842V-K2,3.4.0.5-44367,Good,3.608,,,764.0,786.0,22.2,3A10
10.218.76.60 - 4,,"",3A10B2,,Raritan,PX3-1842V-K2,3.4.0.5-44367,Good,0.0,,,,,,3A10
10.218.76.61 - 1,00:0d:5d:0f:87:9e,"",3A11R1,,Raritan,PX3-1842V-K1,3.4.0.5-44367,Good,4.055,,,850.0,884.0,,3A11
10.218.76.61 - 2,,"",3A11R2,,Raritan,PX3-1842V-K1,3.4.0.5-44367,Good,0.0,,,,,,3A11
10.218.76.61 - 3,,"",3A11B1,,Raritan,PX3-1842V-K2,3.4.0.5-44367,Good,4.181,,,874.0,910.0,21.7,3A11
10.218.76.61 - 4,,"",3A11B2,,Raritan,PX3-1842V-K2,3.4.0.5-44367,Good,0.0,,,,,,3A11
10.218.76.62 - 1,00:0d:5d:0f:87:de,"",3A12R1,,Raritan,PX3-1842V-K1,3.4.0.5-44367,Good,0.0,,,,,,3A12
10.218.76.62 - 2,,"",3A12B1,,Raritan,PX3-1842V-K2,3.4.0.5-44367,Good,0.0,,,,,21.8,3A12
10.218.76.63 - 1,00:0d:5d:0f:87:aa,"",3A13R1,,Raritan,PX3-1842V-K1,3.4.0.5-44367,Good,0.0,,,,,,3A13
10.218.76.63 - 2,,"",3A13B1,,Raritan,PX3-1842V-K2,3.4.0.5-44367,Good,0.0,,,,,21.6,3A13
10.218.76.64 - 1,00:0d:5d:10:98:a8,"",3A14R2,,Raritan,PX3-1292R-K1,3.4.0.5-44367,Good,0.468,,,96.0,102.0,21.4,3A14
10.218.76.64 - 2,,"",3A14R1,,Raritan,PX3-1292R-K1,3.4.0.5-44367,Good,0.0,,,,,,3A14
10.218.76.64 - 3,,"",3A14B2,,Raritan,PX3-1292R-K2,3.4.0.5-44367,Good,0.445,,,93.0,97.0,,3A14
10.218.76.64 - 4,,"",3A14B1,,Raritan,PX3-1292R-K2,3.4.0.5-44367,Good,0.0,,,,,,3A14
10.218.76.65 - 1,00:0d:5d:10:98:9c,"",3A15R2,,Raritan,PX3-1292R-K1,3.4.0.5-44367,Good,5.885,,,1261.0,1279.0,19.8,3A15
10.218.76.65 - 2,,"",3A15R1,,Raritan,PX3-1292R-K1,3.4.0.5-44367,Good,4.249,,,909.0,925.0,,3A15
10.218.76.65 - 3,,"",3A15B2,,Raritan,PX3-1292R-K2,3.4.0.5-44367,Good,4.96,,,1055.0,1079.0,,3A15
10.218.76.65 - 4,,"",3A15B1,,Raritan,PX3-1292R-K2,3.4.0.5-44367,Good,4.559,,,978.0,992.0,,3A15
10.218.76.66 - 1,00:0d:5d:10:98:ab,"",3A16R2,,Raritan,PX3-1292R-K1,3.4.0.5-44367,Good,3.506,,,725.0,763.0,19.8,3A16
10.218.76.66 - 2,,"",3A16R1,,Raritan,PX3-1292R-K1,3.4.0.5-44367,Good,3.796,,,799.0,825.0,,3A16
10.218.76.66 - 3,,"",3A16B2,,Raritan,PX3-1292R-K2,3.4.0.5-44367,Good,4.785,,,1021.0,1040.0,,3A16
10.218.76.66 - 4,,"",3A16B1,,Raritan,PX3-1292R-K2,3.4.0.5-44367,Good,3.17,,,664.0,690.0,,3A16
10.218.76.67 - 1,00:0d:5d:12:37:de,"",3A17R1,,Raritan,PX3-1292R-K1,3.4.0.5-44367,Good,0.457,,,96.0,100.0,21.0,3A17
10.218.76.67 - 2,,"",3A17R2,,Raritan,PX3-1292R-K1,3.4.0.5-44367,Good,0.0,,,,,,3A17
10.218.76.67 - 3,,"",3A17B1,,Raritan,PX3-1292R-K2,3.4.0.5-44367,Good,0.45,,,93.0,98.0,,3A17
10.218.76.67 - 4,,"",3A17B2,,Raritan,PX3-1292R-K2,3.4.0.5-44367,Good,0.0,,,,,,3A17
10.218.76.68 - 1,00:0d:5d:12:38:00,"",3A18R1,,Raritan,PX3-1292R-K1,3.4.0.5-44367,Good,0.465,,,96.0,102.0,22.4,3A18
10.218.76.68 - 2,,"",3A18R2,,Raritan,PX3-1292R-K1,3.4.0.5-44367,Good,0.0,,,,,,3B11
10.218.76.68 - 3,,"",3A18B1,,Raritan,PX3-1292R-K2,3.4.0.5-44367,Good,0.482,,,101.0,106.0,,3A18
10.218.76.68 - 4,,"",3A18B2,,Raritan,PX3-1292R-K2,3.4.0.5-44367,Good,0.0,,,,,,3A18
10.218.76.69 - 1,00:0d:5d:12:37:f8,"",3A19R1,,Raritan,PX3-1292R-K1,3.4.0.5-44367,Good,0.0,,,,,22.0,3A19
10.218.76.69 - 2,,"",3A19R2,,Raritan,PX3-1292R-K1,3.4.0.5-44367,Good,0.0,,,,,,3A19
10.218.76.69 - 3,,"",3A19B1,,Raritan,PX3-1292R-K2,3.4.0.5-44367,Good,0.0,,,,,,3A19
10.218.76.69 - 4,,"",3A19B2,,Raritan,PX3-1292R-K2,3.4.0.5-44367,Good,0.0,,,,,,3A19
10.218.76.70 - 1,00:0d:5d:12:37:fe,"",3A20R1,,Raritan,PX3-1292R-K1,3.4.0.5-44367,Good,0.0,,,,,22.1,3A20
10.218.76.70 - 2,,"",3A20R2,,Raritan,PX3-1292R-K1,3.4.0.5-44367,Good,0.0,,,,,,3A20
10.218.76.70 - 3,,"",3A20B1,,Raritan,PX3-1292R-K2,3.4.0.5-44367,Good,0.0,,,,,,3A20
10.218.76.70 - 4,,"",3A20B2,,Raritan,PX3-1292R-K2,3.4.0.5-44367,Good,0.0,,,,,,3A20
10.218.76.71 - 1,00:0d:5d:0f:87:53,"",3A21R1,,Raritan,PX3-1842V-K1,3.4.0.5-44367,Good,8.842,,,1818.0,1918.0,,3A21
10.218.76.71 - 2,,"",3A21B1,,Raritan,PX3-1842V-K2,3.4.0.5-44367,Good,9.508,,,1949.0,2053.0,23.7,3A21
10.218.76.72 - 1,00:0d:5d:0f:87:6b,"",3A22R1,,Raritan,PX3-1842V-K1,3.4.0.5-44367,Good,8.83,,,1816.0,1913.0,,3A22
10.218.76.72 - 2,,"",3A22B1,,Raritan,PX3-1842V-K2,3.4.0.5-44367,Critical,9.248,,,1850.0,1996.0,25.4,3A22
10.218.76.73 - 1,00:0d:5d:0f:87:70,"",3A23R1,,Raritan,PX3-1842V-K1,3.4.0.5-44367,Good,7.491,,,1513.0,1627.0,,3A23
10.218.76.73 - 2,,"",3A23B1,,Raritan,PX3-1842V-K2,3.4.0.5-44367,Good,7.746,,,1567.0,1678.0,23.3,3A23
10.218.76.74 - 1,00:0d:5d:0f:87:c4,"",3A24R1,,Raritan,PX3-1842V-K1,3.4.0.5-44367,Good,0.332,,,51.0,73.0,,3A24
10.218.76.75 - 1,00:0d:5d:0f:7e:40,"",3A25R1,,Raritan,PX3-1811-K1,3.4.0.5-44367,Good,5.891,,,1254.0,1284.0,,3A25
10.218.76.75 - 2,,"",3A25R2,,Raritan,PX3-1811-K1,3.4.0.5-44367,Good,4.556,,,977.0,991.0,,3A25
10.218.76.75 - 3,,"",3A25R3,,Raritan,PX3-1811-K1,3.4.0.5-44367,Good,6.708,,,1410.0,1458.0,,3A25
10.218.76.75 - 4,,"",3A25B1,,Raritan,PX3-1811-K2,3.4.0.5-44367,Good,6.348,,,1344.0,1380.0,22.6,3A25
10.218.76.75 - 5,,"",3A25B2,,Raritan,PX3-1811-K2,3.4.0.5-44367,Good,4.357,,,934.0,948.0,,3A25
10.218.76.75 - 6,,"",3A25B3,,Raritan,PX3-1811-K2,3.4.0.5-44367,Good,6.279,,,1321.0,1364.0,,3A25
10.218.76.76 - 1,00:0d:5d:0f:7e:3e,"",3A26R1,,Raritan,PX3-1811-K1,3.4.0.5-44367,Good,0.687,,,132.0,151.0,,3A26
10.218.76.76 - 2,,"",3A26R2,,Raritan,PX3-1811-K1,3.4.0.5-44367,Good,3.526,,,750.0,771.0,,3A26
10.218.76.76 - 3,,"",3A26R3,,Raritan,PX3-1811-K1,3.4.0.5-44367,Good,0.0,,,,,,3A26
10.218.76.76 - 4,,"",3A26B1,,Raritan,PX3-1811-K2,3.4.0.5-44367,Good,3.804,,,820.0,833.0,27.3,3A26
10.218.76.76 - 5,,"",3A26B2,,Raritan,PX3-1811-K2,3.4.0.5-44367,Good,4.108,,,884.0,897.0,,3A26
10.218.76.76 - 6,,"",3A26B3,,Raritan,PX3-1811-K2,3.4.0.5-44367,Good,0.0,,,,,,3A26
10.218.76.77 - 1,00:0d:5d:0f:7e:3c,"",3A27R1,,Raritan,PX3-1811-K1,3.4.0.5-44367,Good,0.499,,,102.0,109.0,,3A27
10.218.76.77 - 2,,"",3A27R2,,Raritan,PX3-1811-K1,3.4.0.5-44367,Good,0.0,,,,,,3A27
10.218.76.77 - 3,,"",3A27R3,,Raritan,PX3-1811-K1,3.4.0.5-44367,Good,0.0,,,,,,3A27
10.218.76.77 - 4,,"",3A27B1,,Raritan,PX3-1811-K2,3.4.0.5-44367,Warning,0.534,,,112.0,117.0,22.7,3A27
10.218.76.77 - 5,,"",3A27B2,,Raritan,PX3-1811-K2,3.4.0.5-44367,Good,0.0,,,,,,3A27
10.218.76.77 - 6,,"",3A27B3,,Raritan,PX3-1811-K2,3.4.0.5-44367,Good,0.0,,,,,,3A27
10.218.76.78,00:0d:5d:11:7e:94,,3A2801,"",Raritan,EMX2-111,3.3.10.5-43736,Good,,,,,,22.6,3A28
10.218.76.79 - 1,00:0d:5d:0f:7e:4a,"",3A29R1,,Raritan,PX3-1811-K1,3.4.0.5-44367,Good,0.474,,,99.0,104.0,,3A29
10.218.76.79 - 2,,"",3A29R2,,Raritan,PX3-1811-K1,3.4.0.5-44367,Good,0.404,,,78.0,88.0,,3A29
10.218.76.79 - 3,,"",3A29R3,,Raritan,PX3-1811-K1,3.4.0.5-44367,Good,3.615,,,750.0,791.0,,3A29
10.218.76.79 - 4,,"",3A29B1,,Raritan,PX3-1811-K2,3.4.0.5-44367,Good,0.506,,,107.0,111.0,22.5,3A29
10.218.76.79 - 5,,"",3A29B2,,Raritan,PX3-1811-K2,3.4.0.5-44367,Good,0.432,,,82.0,95.0,,3A29
10.218.76.79 - 6,,"",3A29B3,,Raritan,PX3-1811-K2,3.4.0.5-44367,Good,3.466,,,694.0,758.0,,3A29
10.218.76.80 - 1,00:0d:5d:12:37:dc,"",3A30R1,,Raritan,PX3-1292R-K1,3.4.0.5-44367,Good,0.476,,,98.0,104.0,22.0,3A30
10.218.76.80 - 2,,"",3A30R2,,Raritan,PX3-1292R-K1,3.4.0.5-44367,Good,0.0,,,,,,3A30
10.218.76.80 - 3,,"",3A30B1,,Raritan,PX3-1292R-K2,3.4.0.5-44367,Good,0.446,,,92.0,98.0,,3A30
10.218.76.80 - 4,,"",3A30B2,,Raritan,PX3-1292R-K2,3.4.0.5-44367,Good,0.0,,,,,,3A30
10.218.76.81 - 1,00:0d:5d:12:37:ec,"",3A31R1,,Raritan,PX3-1292R-K1,3.4.0.5-44367,Good,0.464,,,95.0,101.0,21.4,3A31
10.218.76.81 - 2,,"",3A31R2,,Raritan,PX3-1292R-K1,3.4.0.5-44367,Good,0.0,,,,,,3A31
10.218.76.81 - 3,,"",3A31B1,,Raritan,PX3-1292R-K2,3.4.0.5-44367,Good,0.486,,,101.0,106.0,,3A31
10.218.76.81 - 4,,"",3A31B2,,Raritan,PX3-1292R-K2,3.4.0.5-44367,Good,0.0,,,,,,3A31
10.218.76.82 - 1,00:0d:5d:0f:87:2a,"",3A36R1,,Raritan,PX3-1842V-K1,3.4.0.5-44367,Good,3.564,,,602.0,778.0,23.5,3A36
10.218.76.82 - 2,,"",3A36B1,,Raritan,PX3-1842V-K2,3.4.0.5-44367,Good,3.431,,,559.0,746.0,,3A36
10.218.76.83 - 1,00:0d:5d:0f:86:dc,"",3A37R1,,Raritan,PX3-1842V-K1,3.4.0.5-44367,Good,1.7,,,351.0,370.0,23.3,3A37
10.218.76.83 - 2,,"",3A37B1,,Raritan,PX3-1842V-K2,3.4.0.5-44367,Good,1.894,,,397.0,412.0,,3A37
10.218.76.84 - 1,00:0d:5d:0f:86:e7,"",3A38R1,,Raritan,PX3-1842V-K1,3.4.0.5-44367,Good,1.083,,,170.0,237.0,,3A38
10.218.76.84 - 2,,"",3A38B1,,Raritan,PX3-1842V-K2,3.4.0.5-44367,Good,0.62,,,85.0,136.0,30.2,3A38
10.218.76.85 - 1,00:0d:5d:0f:87:3b,"",3A39R1,,Raritan,PX3-1842V-K1,3.4.0.5-44367,Good,5.746,,,1187.0,1251.0,,3A39
10.218.76.85 - 2,,"",3A39B1,,Raritan,PX3-1842V-K2,3.4.0.5-44367,Good,5.63,,,1169.0,1226.0,31.2,3A39
10.218.76.86 - 1,00:0d:5d:0f:87:01,"",3A40R1,,Raritan,PX3-1842V-K1,3.4.0.5-44367,Good,5.36,,,1133.0,1165.0,,3A40
10.218.76.86 - 2,,"",3A40R2,,Raritan,PX3-1842V-K1,3.4.0.5-44367,Good,5.379,,,1142.0,1173.0,,3A40
10.218.76.86 - 3,,"",3A40R3,,Raritan,PX3-1206R-K1,3.3.10.5-43736,Good,4.977,,,1056.0,1081.0,,3A40
10.218.76.86 - 4,,"",3A40R4,,Raritan,PX3-1206R-K1,3.3.10.5-43736,Good,5.198,,,1105.0,1130.0,,3A40
10.218.76.86 - 5,,"",3A40B1,,Raritan,PX3-1842V-K2,3.4.0.5-44367,Good,5.363,,,1136.0,1167.0,22.1,3A40
10.218.76.86 - 6,,"",3A40B2,,Raritan,PX3-1842V-K2,3.4.0.5-44367,Good,5.491,,,1166.0,1198.0,,3A40
10.218.76.86 - 7,,"",3A40B4,,Raritan,PX3-1206R-K2,3.3.10.5-43736,Good,5.142,,,1095.0,1118.0,,3A40
10.218.76.86 - 8,,"",3A40B3,,Raritan,PX3-1206R-K2,3.3.10.5-43736,Good,5.407,,,1152.0,1175.0,,3A40
10.218.76.87 - 1,00:0d:5d:0f:87:17,"",3A41R1,,Raritan,PX3-1842V-K1,3.4.0.5-44367,Good,7.907,,,1657.0,1720.0,,3A41
10.218.76.87 - 2,,"",3A41B1,,Raritan,PX3-1842V-K2,3.4.0.5-44367,Good,8.242,,,1726.0,1789.0,21.6,3A41
10.218.76.88 - 1,00:0d:5d:0f:87:ad,"",3A42R1,,Raritan,PX3-1842V-K1,3.4.0.5-44367,Good,7.301,,,1568.0,1583.0,,3A42
10.218.76.88 - 2,,"",3A42B1,,Raritan,PX3-1842V-K2,3.4.0.5-44367,Good,6.641,,,1431.0,1443.0,22.6,3A42
10.218.76.89 - 1,00:0d:5d:0f:87:7d,"",3A43R1,,Raritan,PX3-1842V-K1,3.4.0.5-44367,Good,2.764,,,545.0,604.0,,3A43
10.218.76.89 - 2,,"",3A43B1,,Raritan,PX3-1842V-K2,3.4.0.5-44367,Good,2.393,,,452.0,522.0,24.0,3A43
10.218.76.90 - 1,00:0d:5d:0f:87:ac,"",3A44R1,,Raritan,PX3-1842V-K1,3.4.0.5-44367,Good,2.721,,,586.0,593.0,,3A44
10.218.76.90 - 2,,"",3A44B1,,Raritan,PX3-1842V-K2,3.4.0.5-44367,Critical,2.668,,,569.0,583.0,25.0,3A44
10.218.76.91 - 1,00:0d:5d:0f:87:93,"",3A45R1,,Raritan,PX3-1842V-K1,3.4.0.5-44367,Good,6.163,,,1328.0,1340.0,,3A45
10.218.76.91 - 2,,"",3A45B1,,Raritan,PX3-1842V-K2,3.4.0.5-44367,Good,6.579,,,1419.0,1433.0,23.0,3A45
10.218.76.92 - 1,00:0d:5d:0f:87:74,"",3A46R1,,Raritan,PX3-1842V-K1,3.4.0.5-44367,Good,1.057,,,159.0,231.0,,3A46
10.218.76.92 - 2,,"",3A46B1,,Raritan,PX3-1842V-K2,3.4.0.5-44367,Good,1.378,,,277.0,301.0,23.0,3A46
10.218.76.93 - 1,00:0d:5d:0f:87:6e,"",3A47R1,,Raritan,PX3-1842V-K1,3.4.0.5-44367,Good,3.778,,,770.0,823.0,,3A47
10.218.76.93 - 2,,"",3A47R2,,Raritan,PX3-1842V-K1,3.4.0.5-44367,Good,0.0,,,,,,3A47
10.218.76.93 - 3,,"",3A47B1,,Raritan,PX3-1842V-K2,3.4.0.5-44367,Good,4.128,,,856.0,900.0,23.6,3A47
10.218.76.94 - 1,00:0d:5d:0f:86:d2,"",3A48R1,,Raritan,PX3-1842V-K1,3.4.0.5-44367,Good,3.819,,,827.0,831.0,,3A48
10.218.76.94 - 2,,"",3A48R2,,Raritan,PX3-1842V-K1,3.4.0.5-44367,Good,0.0,,,,,,3A48
10.218.76.94 - 3,,"",3A48B1,,Raritan,PX3-1842V-K2,3.4.0.5-44367,Good,2.948,,,633.0,643.0,27.1,3A48
10.218.76.94 - 4,,"",3A48B2,,Raritan,PX3-1842V-K2,3.4.0.5-44367,Good,0.0,,,,,,3A48
10.218.76.95 - 1,00:0d:5d:0f:86:d1,"",3A49R1,,Raritan,PX3-1842V-K1,3.4.0.5-44367,Good,0.488,,,103.0,107.0,,3A49
10.218.76.95 - 2,,"",3A49R2,,Raritan,PX3-1842V-K1,3.4.0.5-44367,Good,0.0,,,,,,3A49
10.218.76.95 - 3,,"",3A49B1,,Raritan,PX3-1842V-K2,3.4.0.5-44367,Good,0.479,,,99.0,105.0,23.8,3A49
10.218.76.95 - 4,,"",3A49B2,,Raritan,PX3-1842V-K2,3.4.0.5-44367,Good,0.0,,,,,,3A49
10.218.76.96 - 1,00:0d:5d:0f:87:dd,"",3A50R1,,Raritan,PX3-1842V-K1,3.4.0.5-44367,Good,4.325,,,901.0,943.0,,3A50
10.218.76.96 - 2,,"",3A50R2,,Raritan,PX3-1842V-K1,3.4.0.5-44367,Warning,1.319,,,287.0,288.0,,3A50
10.218.76.96 - 3,,"",3A50B1,,Raritan,PX3-1842V-K2,3.4.0.5-44367,Good,4.432,,,926.0,966.0,23.9,3A50
10.218.76.96 - 4,,"",3A50B2,,Raritan,PX3-1842V-K2,3.4.0.5-44367,Good,1.526,,,332.0,334.0,,3A50
10.218.76.97 - 1,00:0d:5d:0f:87:79,"",3A51R1,,Raritan,PX3-1842V-K1,3.4.0.5-44367,Good,3.671,,,773.0,800.0,,3A51
10.218.76.97 - 2,,"",3A51R2,,Raritan,PX3-1842V-K1,3.4.0.5-44367,Good,0.0,,,,,,3A51
10.218.76.97 - 3,,"",3A51B1,,Raritan,PX3-1842V-K2,3.4.0.5-44367,Good,3.67,,,770.0,800.0,22.5,3A51
10.218.76.97 - 4,,"",3A51B2,,Raritan,PX3-1842V-K2,3.4.0.5-44367,Critical,0.0,,,,,,3A51
10.218.76.98 - 1,00:0d:5d:0f:86:cb,"",3A52R1,,Raritan,PX3-1842V-K1,3.4.0.5-44367,Good,0.48,,,99.0,105.0,,3A52
10.218.76.98 - 2,,"",3A52B1,,Raritan,PX3-1842V-K2,3.4.0.5-44367,Good,0.454,,,94.0,99.0,23.7,3A52
10.218.76.99 - 1,00:0d:5d:0f:87:06,"",3A53R1,,Raritan,PX3-1842V-K1,3.4.0.5-44367,Good,3.688,,,754.0,804.0,,3A53
10.218.76.99 - 2,,"",3A53B1,,Raritan,PX3-1842V-K2,3.4.0.5-44367,Good,4.282,,,887.0,935.0,24.9,3A53
10.218.76.100 - 1,00:0d:5d:0f:87:59,"",3A54R1,,Raritan,PX3-1842V-K1,3.4.0.5-44367,Good,2.776,,,574.0,605.0,,3A54
10.218.76.100 - 2,,"",3A54B1,,Raritan,PX3-1842V-K2,3.4.0.5-44367,Good,2.842,,,580.0,619.0,23.9,3A54
10.218.76.101 - 1,00:0d:5d:10:98:a0,"",3A55R2,,Raritan,PX3-1292R-K1,3.4.0.5-44367,Good,7.559,,,1549.0,1638.0,21.6,3A55
10.218.76.101 - 2,,"",3A55R1,,Raritan,PX3-1292R-K1,3.4.0.5-44367,Good,1.085,,,213.0,236.0,,3A55
10.218.76.101 - 3,,"",3A55B2,,Raritan,PX3-1292R-K2,3.4.0.5-44367,Good,7.691,,,1579.0,1668.0,,3A55
10.218.76.101 - 4,,"",3A55B1,,Raritan,PX3-1292R-K2,3.4.0.5-44367,Critical,1.026,,,200.0,223.0,,3A55
10.218.76.102 - 1,00:0d:5d:10:98:98,"",3A56R2,,Raritan,PX3-1292R-K1,3.4.0.5-44367,Critical,0.0,,,,,23.5,3A56
10.218.76.102 - 2,,"",3A56R1,,Raritan,PX3-1292R-K1,3.4.0.5-44367,Good,0.0,,,,,,3A56
10.218.76.102 - 3,,"",3A56B2,,Raritan,PX3-1292R-K2,3.4.0.5-44367,Good,0.0,,,,,,3A56
10.218.76.102 - 4,,"",3A56B1,,Raritan,PX3-1292R-K2,3.4.0.5-44367,Critical,0.0,,,,,,3A56
10.218.76.103 - 1,00:0d:5d:10:98:95,"",3A57R2,,Raritan,PX3-1292R-K1,3.4.0.5-44367,Good,3.625,,,744.0,788.0,21.9,3A57
10.218.76.103 - 2,,"",3A57R1,,Raritan,PX3-1292R-K1,3.4.0.5-44367,Good,0.0,,,,,,3A57
10.218.76.103 - 3,,"",3A57B2,,Raritan,PX3-1292R-K2,3.4.0.5-44367,Good,3.589,,,740.0,781.0,,3A57
10.218.76.103 - 4,,"",3A57B1,,Raritan,PX3-1292R-K2,3.4.0.5-44367,Critical,0.0,,,,,,3A57
10.218.76.104 - 1,00:0d:5d:10:98:9f,"",3A58R2,,Raritan,PX3-1292R-K1,3.4.0.5-44367,Good,0.0,,,,,23.6,3A58
10.218.76.104 - 2,,"",3A58R1,,Raritan,PX3-1292R-K1,3.4.0.5-44367,Good,0.0,,,,,,3A58
10.218.76.104 - 3,,"",3A58B2,,Raritan,PX3-1292R-K2,3.4.0.5-44367,Good,0.0,,,,,,3A58
10.218.76.104 - 4,,"",3A58B1,,Raritan,PX3-1292R-K2,3.4.0.5-44367,Good,0.0,,,,,,3A58
10.218.76.105 - 1,00:0d:5d:0f:87:96,"",3A59R1,,Raritan,PX3-1842V-K1,3.4.0.5-44367,Good,0.0,,,,,24.6,3A59
10.218.76.105 - 2,,"",3A59B1,,Raritan,PX3-1842V-K2,3.4.0.5-44367,Good,0.0,,,,,,3A59
10.218.76.106 - 1,00:0d:5d:0f:87:39,"",3A60R1,,Raritan,PX3-1842V-K1,3.4.0.5-44367,Good,4.098,,,873.0,893.0,24.3,3A60
10.218.76.106 - 2,,"",3A60B1,,Raritan,PX3-1842V-K2,3.4.0.5-44367,Good,4.609,,,985.0,1005.0,,3A60
10.218.76.107 - 1,00:0d:5d:0f:87:d1,"",3A61R1,,Raritan,PX3-1842V-K1,3.4.0.5-44367,Good,0.0,,,,,24.5,3A61
10.218.76.107 - 2,,"",3A61B1,,Raritan,PX3-1842V-K2,3.4.0.5-44367,Warning,0.0,,,,,,3A61
10.218.76.108 - 1,00:0d:5d:0f:87:b5,"",3A62R1,,Raritan,PX3-1842V-K1,3.4.0.5-44367,Good,7.669,,,1606.0,1665.0,23.7,3A62
10.218.76.108 - 2,,"",3A62R2,,Raritan,PX3-1842V-K1,3.4.0.5-44367,Good,6.657,,,1371.0,1445.0,,3A62
10.218.76.108 - 3,,"",3A62B1,,Raritan,PX3-1842V-K2,3.4.0.5-44367,Good,7.021,,,1469.0,1529.0,,3A62
10.218.76.108 - 4,,"",3A62B2,,Raritan,PX3-1842V-K2,3.4.0.5-44367,Good,6.602,,,1361.0,1434.0,,3A62
10.218.76.109 - 1,00:0d:5d:0f:87:d7,"",3A63R1,,Raritan,PX3-1842V-K1,3.4.0.5-44367,Good,9.028,,,1833.0,1955.0,23.7,3A63
10.218.76.109 - 2,,"",3A63R2,,Raritan,PX3-1842V-K1,3.4.0.5-44367,Good,3.843,,,789.0,835.0,,3A63
10.218.76.109 - 3,,"",3A63B1,,Raritan,PX3-1842V-K2,3.4.0.5-44367,Good,8.413,,,1710.0,1827.0,,3A63
10.218.76.109 - 4,,"",3A63B2,,Raritan,PX3-1842V-K2,3.4.0.5-44367,Good,3.51,,,714.0,764.0,,3A63
10.218.76.110 - 1,00:0d:5d:0f:87:42,"",3A64R1,,Raritan,PX3-1842V-K1,3.4.0.5-44367,Good,8.63,,,1753.0,1876.0,24.3,3A64
10.218.76.110 - 2,,"",3A64R2,,Raritan,PX3-1842V-K1,3.4.0.5-44367,Good,0.0,,,,,,3A64
10.218.76.110 - 3,,"",3A64B1,,Raritan,PX3-1842V-K2,3.4.0.5-44367,Good,8.921,,,1814.0,1941.0,,3A64
10.218.76.110 - 4,,"",3A64B2,,Raritan,PX3-1842V-K2,3.4.0.5-44367,Good,0.0,,,,,,3A64
10.218.76.111 - 1,00:0d:5d:0f:87:83,"",3A65R1,,Raritan,PX3-1842V-K1,3.4.0.5-44367,Good,5.684,,,1162.0,1238.0,23.3,3A65
10.218.76.111 - 2,,"",3A65R2,,Raritan,PX3-1842V-K1,3.4.0.5-44367,Critical,3.854,,,786.0,839.0,,3A65
10.218.76.111 - 3,,"",3A65B1,,Raritan,PX3-1842V-K2,3.4.0.5-44367,Good,5.562,,,1135.0,1211.0,,3A65
10.218.76.111 - 4,,"",3A65B2,,Raritan,PX3-1842V-K2,3.4.0.5-44367,Good,3.705,,,750.0,806.0,,3A65
10.218.76.112 - 1,00:0d:5d:0f:87:9b,"",3A66R1,,Raritan,PX3-1842V-K1,3.4.0.5-44367,Good,1.837,,,282.0,402.0,22.6,3A66
10.218.76.112 - 2,,"",3A66R2,,Raritan,PX3-1842V-K1,3.4.0.5-44367,Good,3.979,,,784.0,866.0,,3A66
10.218.76.112 - 3,,"",3A66B1,,Raritan,PX3-1842V-K2,3.4.0.5-44367,Good,1.667,,,251.0,364.0,,3A66
10.218.76.112 - 4,,"",3A66B2,,Raritan,PX3-1842V-K2,3.4.0.5-44367,Good,4.159,,,823.0,905.0,,3A66
10.218.76.113 - 1,00:0d:5d:0f:86:ce,"",3A67R1,,Raritan,PX3-1842V-K1,3.4.0.5-44367,Good,0.0,,,,,23.7,3A67
10.218.76.113 - 2,,"",3A67R2,,Raritan,PX3-1842V-K1,3.4.0.5-44367,Good,1.794,,,355.0,392.0,,3A67
10.218.76.113 - 3,,"",3A67B1,,Raritan,PX3-1842V-K2,3.4.0.5-44367,Good,0.0,,,,,,3A67
10.218.76.113 - 4,,"",3A67B2,,Raritan,PX3-1842V-K2,3.4.0.5-44367,Good,1.888,,,375.0,413.0,,3A67
10.218.76.114 - 1,00:0d:5d:0f:87:0d,"",3A68R1,,Raritan,PX3-1842V-K1,3.4.0.5-44367,Good,1.91,,,332.0,418.0,25.2,3A68
10.218.76.114 - 2,,"",3A68B1,,Raritan,PX3-1842V-K2,3.4.0.5-44367,Good,1.684,,,300.0,367.0,,3A68
10.218.76.115 - 1,00:0d:5d:0f:86:e1,"",3A69R1,,Raritan,PX3-1842V-K1,3.4.0.5-44367,Good,2.395,,,471.0,522.0,25.1,3A69
10.218.76.115 - 2,,"",3A69B1,,Raritan,PX3-1842V-K2,3.4.0.5-44367,Good,2.374,,,478.0,517.0,,3A69
10.218.76.116 - 1,00:0d:5d:0f:88:0a,"",3B01B1,,Raritan,PX3-1842V-K2,3.4.0.5-44367,Good,1.571,,,267.0,343.0,,3B01
10.218.76.116 - 2,,"",3B01R1,,Raritan,PX3-1842V-K1,3.4.0.5-44367,Good,4.818,,,1022.0,1049.0,23.3,3B01
10.218.76.117 - 1,00:0d:5d:0f:88:1b,"",3B02B1,,Raritan,PX3-1842V-K2,3.4.0.5-44367,Good,2.445,,,464.0,534.0,,3B02
10.218.76.117 - 2,,"",3B02R1,,Raritan,PX3-1842V-K1,3.4.0.5-44367,Good,2.496,,,486.0,545.0,23.5,3B02
10.218.76.118 - 1,00:0d:5d:0f:88:05,"",3B03B1,,Raritan,PX3-1842V-K2,3.4.0.5-44367,Good,1.331,,,269.0,291.0,,3B03
10.218.76.118 - 2,,"",3B03R1,,Raritan,PX3-1842V-K1,3.4.0.5-44367,Good,1.989,,,417.0,434.0,23.5,3B03
10.218.76.119 - 1,00:0d:5d:0f:87:f9,"",3B04B1,,Raritan,PX3-1842V-K2,3.4.0.5-44367,Good,1.134,,,223.0,248.0,,3B04
10.218.76.119 - 2,,"",3B04R1,,Raritan,PX3-1842V-K1,3.4.0.5-44367,Good,2.779,,,595.0,607.0,24.4,3B04
10.218.76.120 - 1,00:0d:5d:0f:88:3c,"",3B05B1,,Raritan,PX3-1842V-K2,3.4.0.5-44367,Critical,0.516,,,106.0,113.0,,3B05
10.218.76.120 - 2,,"",3B05R1,,Raritan,PX3-1842V-K1,3.4.0.5-44367,Good,0.498,,,102.0,109.0,24.3,3B05
10.218.76.121 - 1,00:0d:5d:0f:88:8d,"",3B06B1,,Raritan,PX3-1842V-K2,3.4.0.5-44367,Good,3.844,,,792.0,838.0,,3B06
10.218.76.121 - 2,,"",3B06R1,,Raritan,PX3-1842V-K1,3.4.0.5-44367,Good,3.933,,,815.0,858.0,23.7,3B06
10.218.76.122 - 1,00:0d:5d:0f:88:13,"",3B07B1,,Raritan,PX3-1842V-K2,3.4.0.5-44367,Good,0.492,,,104.0,108.0,,3B07
10.218.76.122 - 2,,"",3B07R1,,Raritan,PX3-1842V-K1,3.4.0.5-44367,Critical,,,,,,,3B07
10.218.76.123 - 1,00:0d:5d:0f:88:00,"",3B08B1,,Raritan,PX3-1842V-K2,3.4.0.5-44367,Warning,0.515,,,110.0,113.0,,3B08
10.218.76.123 - 2,,"",3B08R1,,Raritan,PX3-1842V-K1,3.4.0.5-44367,Good,0.477,,,101.0,105.0,25.0,3B08
10.218.76.124 - 1,00:0d:5d:0f:87:ed,"",3B09B1,,Raritan,PX3-1842V-K2,3.4.0.5-44367,Good,8.968,,,1888.0,1945.0,,3B09
10.218.76.124 - 2,,"",3B09B2,,Raritan,PX3-1842V-K2,3.4.0.5-44367,Good,0.0,,,,,,3B09
10.218.76.124 - 3,,"",3B09R1,,Raritan,PX3-1842V-K1,3.4.0.5-44367,Good,8.237,,,1745.0,1792.0,23.8,3B09
10.218.76.124 - 4,,"",3B09R2,,Raritan,PX3-1842V-K1,3.4.0.5-44367,Good,0.0,,,,,,3B09
10.218.76.125 - 1,00:0d:5d:0f:88:6b,"",3B10B1,,Raritan,PX3-1842V-K2,3.4.0.5-44367,Good,3.832,,,815.0,836.0,,3B10
10.218.76.125 - 2,,"",3B10B2,,Raritan,PX3-1842V-K2,3.4.0.5-44367,Good,0.0,,,,,,3B10
10.218.76.125 - 3,,"",3B10R1,,Raritan,PX3-1842V-K1,3.4.0.5-44367,Good,3.243,,,682.0,708.0,22.3,3B10
10.218.76.125 - 4,,"",3B10R2,,Raritan,PX3-1842V-K1,3.4.0.5-44367,Good,0.0,,,,,,3B10
10.218.76.126 - 1,00:0d:5d:0f:88:f3,"",3B11B1,,Raritan,PX3-1842V-K2,3.4.0.5-44367,Good,5.757,,,1228.0,1256.0,,3B11
10.218.76.126 - 2,,"",3B11B2,,Raritan,PX3-1842V-K2,3.4.0.5-44367,Good,0.0,,,,,,3B11
10.218.76.126 - 3,,"",3B11R1,,Raritan,PX3-1842V-K1,3.4.0.5-44367,Critical,5.692,,,1216.0,1243.0,21.5,3B11
10.218.76.126 - 4,,"",3B11R2,,Raritan,PX3-1842V-K1,3.4.0.5-44367,Critical,,,,,,,3B11
10.218.76.127 - 1,00:0d:5d:0f:88:39,"",3B12B1,,Raritan,PX3-1842V-K2,3.4.0.5-44367,Good,0.0,,,,,,3B12
10.218.76.127 - 2,,"",3B12R1,,Raritan,PX3-1842V-K1,3.4.0.5-44367,Good,0.0,,,,,21.7,3B12
10.218.76.128 - 1,00:0d:5d:0f:88:67,"",3B13B1,,Raritan,PX3-1842V-K2,3.4.0.5-44367,Good,0.0,,,,,,3B13
10.218.76.128 - 2,,"",3B13R1,,Raritan,PX3-1842V-K1,3.4.0.5-44367,Good,0.0,,,,,21.9,3B13
10.218.76.129 - 1,00:0d:5d:10:98:53,"",3B14B2,,Raritan,PX3-1292R-K2,3.4.0.5-44367,Good,5.48,,,1172.0,1191.0,21.0,3B14
10.218.76.129 - 2,,"",3B14B1,,Raritan,PX3-1292R-K2,3.4.0.5-44367,Good,5.048,,,1088.0,1098.0,,3B14
10.218.76.129 - 3,,"",3B14R2,,Raritan,PX3-1292R-K1,3.4.0.5-44367,Good,5.52,,,1182.0,1199.0,,3B14
10.218.76.129 - 4,,"",3B14R1,,Raritan,PX3-1292R-K1,3.4.0.5-44367,Good,4.36,,,935.0,948.0,,3B14
10.218.76.130 - 1,00:0d:5d:10:98:3a,"",3B15B2,,Raritan,PX3-1292R-K2,3.4.0.5-44367,Good,5.439,,,1171.0,1182.0,20.8,3B15
10.218.76.130 - 2,,"",3B15B1,,Raritan,PX3-1292R-K2,3.4.0.5-44367,Good,4.408,,,947.0,959.0,,3B15
10.218.76.130 - 3,,"",3B15R2,,Raritan,PX3-1292R-K1,3.4.0.5-44367,Good,4.616,,,986.0,1005.0,,3B15
10.218.76.130 - 4,,"",3B15R1,,Raritan,PX3-1292R-K1,3.4.0.5-44367,Good,4.654,,,999.0,1013.0,,3B15
10.218.76.131 - 1,00:0d:5d:10:98:47,"",3B16B2,,Raritan,PX3-1292R-K2,3.4.0.5-44367,Critical,4.985,,,1071.0,1084.0,21.7,3B16
10.218.76.131 - 2,,"",3B16B1,,Raritan,PX3-1292R-K2,3.4.0.5-44367,Good,4.614,,,991.0,1004.0,,3B16
10.218.76.131 - 3,,"",3B16R2,,Raritan,PX3-1292R-K1,3.4.0.5-44367,Good,5.204,,,1115.0,1131.0,,3B16
10.218.76.131 - 4,,"",3B16R1,,Raritan,PX3-1292R-K1,3.4.0.5-44367,Good,4.651,,,995.0,1011.0,,3B16
10.218.76.132 - 1,00:0d:5d:12:38:28,"",3B17B1,,Raritan,PX3-1292R-K2,3.3.10.5-43736,Good,0.478,,,100.0,104.0,23.5,3B17
10.218.76.132 - 2,,"",3B17B2,,Raritan,PX3-1292R-K2,3.3.10.5-43736,Good,0.0,,,,,,3B17
10.218.76.132 - 3,,"",3B17R1,,Raritan,PX3-1292R-K1,3.3.10.5-43736,Good,0.467,,,97.0,102.0,,3B17
10.218.76.132 - 4,,"",3B17R2,,Raritan,PX3-1292R-K1,3.3.10.5-43736,Good,0.0,,,,,,3B17
10.218.76.133 - 1,00:0d:5d:12:38:16,"",3B18B1,,Raritan,PX3-1292R-K2,3.3.10.5-43736,Good,0.404,,,83.0,88.0,25.6,3B18
10.218.76.133 - 2,,"",3B18B2,,Raritan,PX3-1292R-K2,3.3.10.5-43736,Good,0.0,,,,,,3B18
10.218.76.133 - 3,,"",3B18R1,,Raritan,PX3-1292R-K1,3.3.10.5-43736,Good,0.484,,,102.0,106.0,,3B18
10.218.76.133 - 4,,"",3B18R2,,Raritan,PX3-1292R-K1,3.3.10.5-43736,Good,0.0,,,,,,3B18
10.218.76.134 - 1,00:0d:5d:12:38:08,"",3B19B1,,Raritan,PX3-1292R-K2,3.4.0.5-44367,Good,7.749,,,1576.0,1686.0,21.5,3B19
10.218.76.134 - 2,,"",3B19B2,,Raritan,PX3-1292R-K2,3.4.0.5-44367,Good,0.0,,,,,,3B19
10.218.76.134 - 3,,"",3B19R1,,Raritan,PX3-1292R-K1,3.4.0.5-44367,Good,7.901,,,1614.0,1721.0,,3B19
10.218.76.134 - 4,,"",3B19R2,,Raritan,PX3-1292R-K1,3.4.0.5-44367,Good,0.0,,,,,,3B19
10.218.76.135 - 1,00:0d:5d:12:38:0a,"",3B20B1,,Raritan,PX3-1292R-K2,3.4.0.5-44367,Good,5.163,,,1063.0,1124.0,23.4,3B20
10.218.76.135 - 2,,"",3B20B2,,Raritan,PX3-1292R-K2,3.4.0.5-44367,Good,0.0,,,,,,3B20
10.218.76.135 - 3,,"",3B20R1,,Raritan,PX3-1292R-K1,3.4.0.5-44367,Good,5.182,,,1072.0,1131.0,,3B20
10.218.76.135 - 4,,"",3B20R2,,Raritan,PX3-1292R-K1,3.4.0.5-44367,Good,0.0,,,,,,3B20
10.218.76.136 - 1,00:0d:5d:0f:88:09,"",3B21B1,,Raritan,PX3-1842V-K2,3.4.0.5-44367,Good,10.976,,,2152.0,2376.0,21.0,3B21
10.218.76.136 - 2,,"",3B21R1,,Raritan,PX3-1842V-K1,3.4.0.5-44367,Good,11.295,,,2233.0,2446.0,,3B21
10.218.76.137 - 1,00:0d:5d:0f:88:ec,"",3B22B1,,Raritan,PX3-1842V-K2,3.4.0.5-44367,Good,11.036,,,2173.0,2392.0,20.9,3B22
10.218.76.137 - 2,,"",3B22R1,,Raritan,PX3-1842V-K1,3.4.0.5-44367,Good,11.282,,,2228.0,2447.0,,3B22
10.218.76.138 - 1,00:0d:5d:0f:88:92,"",3B23B1,,Raritan,PX3-1842V-K2,3.4.0.5-44367,Good,7.194,,,1459.0,1566.0,20.8,3B23
10.218.76.138 - 2,,"",3B23R1,,Raritan,PX3-1842V-K1,3.4.0.5-44367,Good,7.224,,,1466.0,1569.0,,3B23
10.218.76.139 - 1,00:0d:5d:0f:88:a7,"",3B24B1,,Raritan,PX3-1842V-K2,3.4.0.5-44367,Good,0.0,,,,,21.0,3B24
10.218.76.139 - 2,,"",3B24R1,,Raritan,PX3-1842V-K1,3.4.0.5-44367,Good,0.0,,,,,,3B24
10.218.76.140 - 1,00:0d:5d:0f:7e:93,"",3B25B1,,Raritan,PX3-1811-K2,3.4.0.5-44367,Good,4.891,,,1034.0,1066.0,,3B25
10.218.76.140 - 2,,"",3B25B2,,Raritan,PX3-1811-K2,3.4.0.5-44367,Good,2.813,,,596.0,615.0,,3B25
10.218.76.140 - 3,,"",3B25B3,,Raritan,PX3-1811-K2,3.4.0.5-44367,Good,6.166,,,1302.0,1343.0,,3B25
10.218.76.140 - 4,,"",3B25R1,,Raritan,PX3-1811-K1,3.4.0.5-44367,Good,5.235,,,1106.0,1138.0,22.8,3B25
10.218.76.140 - 5,,"",3B25R2,,Raritan,PX3-1811-K1,3.4.0.5-44367,Good,2.712,,,573.0,591.0,,3B25
10.218.76.140 - 6,,"",3B25R3,,Raritan,PX3-1811-K1,3.4.0.5-44367,Good,6.584,,,1391.0,1436.0,,3B25
10.218.76.141 - 1,00:0d:5d:0f:7e:87,"",3B26B1,,Raritan,PX3-1811-K2,3.4.0.5-44367,Good,4.726,,,1015.0,1030.0,,3B26
10.218.76.141 - 2,,"",3B26B2,,Raritan,PX3-1811-K2,3.4.0.5-44367,Good,1.741,,,372.0,381.0,,3B26
10.218.76.141 - 3,,"",3B26B3,,Raritan,PX3-1811-K2,3.4.0.5-44367,Good,2.126,,,447.0,463.0,,3B26
10.218.76.141 - 4,,"",3B26R1,,Raritan,PX3-1811-K1,3.4.0.5-44367,Good,3.61,,,758.0,790.0,22.7,3B26
10.218.76.141 - 5,,"",3B26R2,,Raritan,PX3-1811-K1,3.4.0.5-44367,Good,1.249,,,259.0,273.0,,3B26
10.218.76.141 - 6,,"",3B26R3,,Raritan,PX3-1811-K1,3.4.0.5-44367,Good,0.277,,,30.0,61.0,,3B26
10.218.76.142 - 1,00:0d:5d:0f:7e:91,"",3B27B1,,Raritan,PX3-1811-K2,3.4.0.5-44367,Good,0.527,,,110.0,115.0,,3B27
10.218.76.142 - 2,,"",3B27B2,,Raritan,PX3-1811-K2,3.4.0.5-44367,Good,0.0,,,,,,3B27
10.218.76.142 - 3,,"",3B27B3,,Raritan,PX3-1811-K2,3.4.0.5-44367,Good,0.0,,,,,,3B27
10.218.76.142 - 4,,"",3B27R1,,Raritan,PX3-1811-K1,3.4.0.5-44367,Good,0.484,,,102.0,106.0,22.9,3B27
10.218.76.142 - 5,,"",3B27R2,,Raritan,PX3-1811-K1,3.4.0.5-44367,Good,0.0,,,,,,3B27
10.218.76.142 - 6,,"",3B27R3,,Raritan,PX3-1811-K1,3.4.0.5-44367,Good,0.0,,,,,,3B27
10.218.76.143,00:0d:5d:11:a5:86,,3B2801,"",Raritan,EMX2-111,3.3.10.5-43736,Good,,,,,,22.4,3B28
10.218.76.144 - 1,00:0d:5d:0f:7e:75,"",3B29B1,,Raritan,PX3-1811-K2,3.4.0.5-44367,Good,0.47,,,99.0,103.0,,3B29
10.218.76.144 - 2,,"",3B29B2,,Raritan,PX3-1811-K2,3.4.0.5-44367,Good,0.426,,,80.0,93.0,,3B29
10.218.76.144 - 3,,"",3B29B3,,Raritan,PX3-1811-K2,3.4.0.5-44367,Good,3.713,,,771.0,807.0,,3B29
10.218.76.144 - 4,,"",3B29R1,,Raritan,PX3-1811-K1,3.4.0.5-44367,Critical,0.524,,,111.0,115.0,22.5,3B29
10.218.76.144 - 5,,"",3B29R2,,Raritan,PX3-1811-K1,3.4.0.5-44367,Good,0.41,,,77.0,90.0,,3B29
10.218.76.144 - 6,,"",3B29R3,,Raritan,PX3-1811-K1,3.4.0.5-44367,Good,3.538,,,726.0,772.0,,3B29
10.218.76.145 - 1,00:0d:5d:12:38:44,"",3B30B1,,Raritan,PX3-1292R-K2,3.4.0.5-44367,Good,0.481,,,100.0,105.0,22.3,3B30
10.218.76.145 - 2,,"",3B30B2,,Raritan,PX3-1292R-K2,3.4.0.5-44367,Good,0.0,,,,,,3B30
10.218.76.145 - 3,,"",3B30R1,,Raritan,PX3-1292R-K1,3.4.0.5-44367,Good,0.437,,,89.0,96.0,,3B30
10.218.76.145 - 4,,"",3B30R2,,Raritan,PX3-1292R-K1,3.4.0.5-44367,Good,0.0,,,,,,3B30
10.218.76.146 - 1,00:0d:5d:12:38:04,"",3B31B1,,Raritan,PX3-1292R-K2,3.4.0.5-44367,Good,0.449,,,94.0,98.0,22.5,3B31
10.218.76.146 - 2,,"",3B31B2,,Raritan,PX3-1292R-K2,3.4.0.5-44367,Good,0.0,,,,,,3B31
10.218.76.146 - 3,,"",3B31R1,,Raritan,PX3-1292R-K1,3.4.0.5-44367,Good,0.449,,,92.0,98.0,,3B31
10.218.76.146 - 4,,"",3B31R2,,Raritan,PX3-1292R-K1,3.4.0.5-44367,Good,0.0,,,,,,3B31
10.218.76.147 - 1,00:0d:5d:0f:88:a4,"",3B36B1,,Raritan,PX3-1842V-K2,3.4.0.5-44367,Good,3.39,,,547.0,740.0,22.5,3B36
10.218.76.147 - 2,,"",3B36R1,,Raritan,PX3-1842V-K1,3.4.0.5-44367,Good,3.565,,,603.0,777.0,,3B36
10.218.76.148 - 1,00:0d:5d:0f:88:c1,"",3B37B1,,Raritan,PX3-1842V-K2,3.4.0.5-44367,Good,1.668,,,341.0,365.0,24.2,3B37
10.218.76.148 - 2,,"",3B37R1,,Raritan,PX3-1842V-K1,3.4.0.5-44367,Good,1.795,,,369.0,392.0,,3B37
10.218.76.149 - 1,00:0d:5d:0f:88:6a,"",3B38B1,,Raritan,PX3-1842V-K2,3.4.0.5-44367,Good,1.306,,,184.0,285.0,,3B38
10.218.76.149 - 2,,"",3B38R1,,Raritan,PX3-1842V-K1,3.4.0.5-44367,Good,1.919,,,271.0,419.0,31.7,3B38
10.218.76.150 - 1,00:0d:5d:0f:88:a0,"",3B39B1,,Raritan,PX3-1842V-K2,3.4.0.5-44367,Good,5.454,,,1117.0,1185.0,,3B39
10.218.76.150 - 2,,"",3B39R1,,Raritan,PX3-1842V-K1,3.4.0.5-44367,Good,5.535,,,1130.0,1205.0,26.2,3B39
10.218.76.151 - 1,00:0d:5d:0f:88:c2,"",3B40B1,,Raritan,PX3-1842V-K2,3.4.0.5-44367,Warning,10.757,,,2270.0,2329.0,,3B40
10.218.76.151 - 2,,"",3B40R1,,Raritan,PX3-1842V-K1,3.4.0.5-44367,Good,11.034,,,2321.0,2382.0,22.4,3B40
10.218.76.151 - 3,,"",3B40B2,,Raritan,PX3-1842V-K2,3.4.0.5-44367,Good,0.0,,,,,,3B40
10.218.76.151 - 4,,"",3B40R2,,Raritan,PX3-1842V-K1,3.4.0.5-44367,Good,0.0,,,,,,3B40
10.218.76.151 - 5,,"",3B40B3,,Raritan,PX3-1206R-K2,3.3.10.5-43736,Good,0.0,,,,,,3B40
10.218.76.151 - 7,,"",3B40R3,,Raritan,PX3-1206R-K1,3.3.10.5-43736,Good,0.0,,,,,,3B40
10.218.76.151 - 8,,"",3B40R4,,Raritan,PX3-1206R-K1,3.3.10.5-43736,Critical,0.0,,,,,,3B40
10.218.76.152 - 1,00:0d:5d:0f:88:17,"",3B41B1,,Raritan,PX3-1842V-K2,3.4.0.5-44367,Critical,6.787,,,1399.0,1478.0,,3B41
10.218.76.152 - 2,,"",3B41R1,,Raritan,PX3-1842V-K1,3.4.0.5-44367,Good,7.364,,,1498.0,1603.0,23.8,3B41
10.218.76.153 - 1,00:0d:5d:0f:88:73,"",3B42B1,,Raritan,PX3-1842V-K2,3.4.0.5-44367,Good,7.085,,,1522.0,1539.0,,3B42
10.218.76.153 - 2,,"",3B42R1,,Raritan,PX3-1842V-K1,3.4.0.5-44367,Good,6.885,,,1479.0,1497.0,22.3,3B42
10.218.76.154 - 1,00:0d:5d:0f:88:06,"",3B43B1,,Raritan,PX3-1842V-K2,3.4.0.5-44367,Good,2.467,,,477.0,540.0,,3B43
10.218.76.154 - 2,,"",3B43R1,,Raritan,PX3-1842V-K1,3.4.0.5-44367,Good,2.173,,,411.0,474.0,23.0,3B43
10.218.76.155 - 1,00:0d:5d:0f:88:0d,"",3B44B1,,Raritan,PX3-1842V-K2,3.4.0.5-44367,Good,2.73,,,582.0,596.0,,3B44
10.218.76.155 - 2,,"",3B44R1,,Raritan,PX3-1842V-K1,3.4.0.5-44367,Good,2.57,,,545.0,560.0,25.2,3B44
10.218.76.156 - 1,00:0d:5d:0f:88:10,"",3B45B1,,Raritan,PX3-1842V-K2,3.4.0.5-44367,Good,6.671,,,1432.0,1449.0,,3B45
10.218.76.156 - 2,,"",3B45R1,,Raritan,PX3-1842V-K1,3.4.0.5-44367,Good,6.297,,,1348.0,1369.0,22.2,3B45
10.218.76.157 - 1,00:0d:5d:0f:87:f6,"",3B46B1,,Raritan,PX3-1842V-K2,3.4.0.5-44367,Critical,0.645,,,132.0,141.0,,3B46
10.218.76.157 - 2,,"",3B46R1,,Raritan,PX3-1842V-K1,3.4.0.5-44367,Good,0.853,,,176.0,187.0,23.0,3B46
10.218.76.158 - 1,00:0d:5d:0f:88:58,"",3B47B1,,Raritan,PX3-1842V-K2,3.4.0.5-44367,Good,3.748,,,777.0,817.0,,3B47
10.218.76.158 - 2,,"",3B47B2,,Raritan,PX3-1842V-K2,3.4.0.5-44367,Good,0.0,,,,,,3B47
10.218.76.158 - 3,,"",3B47R1,,Raritan,PX3-1842V-K1,3.4.0.5-44367,Good,3.357,,,698.0,731.0,23.0,3B47
10.218.76.158 - 4,,"",3B47R2,,Raritan,PX3-1842V-K1,3.4.0.5-44367,Good,0.0,,,,,,3B47
10.218.76.159 - 1,00:0d:5d:0f:88:47,"",3B48B1,,Raritan,PX3-1842V-K2,3.4.0.5-44367,Critical,2.264,,,482.0,494.0,,3B48
10.218.76.159 - 2,,"",3B48B2,,Raritan,PX3-1842V-K2,3.4.0.5-44367,Good,1.711,,,327.0,374.0,,3B48
10.218.76.159 - 3,,"",3B48R1,,Raritan,PX3-1842V-K1,3.4.0.5-44367,Good,4.811,,,1039.0,1046.0,22.5,3B48
10.218.76.159 - 4,,"",3B48R2,,Raritan,PX3-1842V-K1,3.4.0.5-44367,Good,1.548,,,282.0,338.0,,3B48
10.218.76.160 - 1,00:0d:5d:0f:88:5e,"",3B49B1,,Raritan,PX3-1842V-K2,3.4.0.5-44367,Good,0.503,,,105.0,110.0,,3B49
10.218.76.160 - 2,,"",3B49B2,,Raritan,PX3-1842V-K2,3.4.0.5-44367,Good,0.0,,,,,,3B49
10.218.76.160 - 3,,"",3B49R1,,Raritan,PX3-1842V-K1,3.4.0.5-44367,Good,0.494,,,104.0,108.0,22.5,3B49
10.218.76.160 - 4,,"",3B49R2,,Raritan,PX3-1842V-K1,3.4.0.5-44367,Good,0.0,,,,,,3B49
10.218.76.161 - 1,00:0d:5d:0f:87:fb,"",3B50B1,,Raritan,PX3-1842V-K2,3.4.0.5-44367,Good,0.511,,,108.0,112.0,,3B50
10.218.76.161 - 2,,"",3B50B2,,Raritan,PX3-1842V-K2,3.4.0.5-44367,Good,0.0,,,,,,3B50
10.218.76.161 - 3,,"",3B50R1,,Raritan,PX3-1842V-K1,3.4.0.5-44367,Good,0.468,,,99.0,102.0,22.7,3B50
10.218.76.161 - 4,,"",3B50R2,,Raritan,PX3-1842V-K1,3.4.0.5-44367,Good,0.0,,,,,,3B50
10.218.76.162 - 1,00:0d:5d:0f:88:6e,"",3B51B1,,Raritan,PX3-1842V-K2,3.4.0.5-44367,Good,0.485,,,101.0,106.0,,3B51
10.218.76.162 - 2,,"",3B51B2,,Raritan,PX3-1842V-K2,3.4.0.5-44367,Good,0.0,,,,,,3B51
10.218.76.162 - 3,,"",3B51R1,,Raritan,PX3-1842V-K1,3.4.0.5-44367,Good,0.496,,,106.0,109.0,22.5,3B51
10.218.76.162 - 4,,"",3B51R2,,Raritan,PX3-1842V-K1,3.4.0.5-44367,Good,0.0,,,,,,3B51
10.218.76.163 - 1,00:0d:5d:0f:88:5d,"",3B52B1,,Raritan,PX3-1842V-K2,3.4.0.5-44367,Good,0.488,,,103.0,107.0,,3B52
10.218.76.163 - 2,,"",3B52R1,,Raritan,PX3-1842V-K1,3.4.0.5-44367,Good,0.442,,,91.0,97.0,,3B52
10.218.76.164 - 1,00:0d:5d:0f:88:5b,"",3B53B1,,Raritan,PX3-1842V-K2,3.4.0.5-44367,Good,1.798,,,360.0,393.0,,3B53
10.218.76.164 - 2,,"",3B53R1,,Raritan,PX3-1842V-K1,3.4.0.5-44367,Critical,,,,,,,3B53
10.218.76.165 - 1,00:0d:5d:0f:88:2a,"",3B54B1,,Raritan,PX3-1842V-K2,3.4.0.5-44367,Good,2.173,,,441.0,475.0,,3B54
10.218.76.165 - 2,,"",3B54R1,,Raritan,PX3-1842V-K1,3.4.0.5-44367,Good,2.117,,,433.0,462.0,22.5,3B54
10.218.76.166 - 1,00:0d:5d:10:98:3b,"",3B55B2,,Raritan,PX3-1292R-K2,3.4.0.5-44367,Good,0.468,,,97.0,102.0,22.4,3B55
10.218.76.166 - 2,,"",3B55B1,,Raritan,PX3-1292R-K2,3.4.0.5-44367,Good,0.0,,,,,,3B55
10.218.76.166 - 3,,"",3B55R2,,Raritan,PX3-1292R-K1,3.4.0.5-44367,Good,0.489,,,101.0,107.0,,3B55
10.218.76.166 - 4,,"",3B55R1,,Raritan,PX3-1292R-K1,3.4.0.5-44367,Good,0.0,,,,,,3B55
10.218.76.167 - 1,00:0d:5d:10:98:52,"",3B56B2,,Raritan,PX3-1292R-K2,3.4.0.5-44367,Good,0.0,,,,,22.8,3B56
10.218.76.167 - 2,,"",3B56B1,,Raritan,PX3-1292R-K2,3.4.0.5-44367,Good,0.0,,,,,,3B56
10.218.76.167 - 3,,"",3B56R1,,Raritan,PX3-1292R-K1,3.4.0.5-44367,Good,0.0,,,,,,3B56
10.218.76.167 - 4,,"",3B56R2,,Raritan,PX3-1292R-K1,3.4.0.5-44367,Good,0.0,,,,,,3B56
10.218.76.168 - 1,00:0d:5d:10:98:41,"",3B57B2,,Raritan,PX3-1292R-K2,3.4.0.5-44367,Good,1.171,,,241.0,255.0,22.5,3B57
10.218.76.168 - 2,,"",3B57B1,,Raritan,PX3-1292R-K2,3.4.0.5-44367,Good,2.942,,,609.0,640.0,,3B57
10.218.76.168 - 3,,"",3B57R2,,Raritan,PX3-1292R-K1,3.4.0.5-44367,Good,1.284,,,265.0,280.0,,3B57
10.218.76.168 - 4,,"",3B57R1,,Raritan,PX3-1292R-K1,3.4.0.5-44367,Good,2.998,,,616.0,652.0,,3B57
10.218.76.169 - 1,00:0d:5d:10:98:4e,"",3B58B2,,Raritan,PX3-1292R-K2,3.4.0.5-44367,Good,0.0,,,,,23.0,3B58
10.218.76.169 - 2,,"",3B58B1,,Raritan,PX3-1292R-K2,3.4.0.5-44367,Good,0.0,,,,,,3B58
10.218.76.169 - 3,,"",3B58R2,,Raritan,PX3-1292R-K1,3.4.0.5-44367,Critical,0.0,,,,,,3B58
10.218.76.169 - 4,,"",3B58R1,,Raritan,PX3-1292R-K1,3.4.0.5-44367,Good,0.0,,,,,,3B58
10.218.76.170 - 1,00:0d:5d:0f:88:b3,"",3B59B1,,Raritan,PX3-1842V-K2,3.4.0.5-44367,Good,0.0,,,,,22.3,3B59
10.218.76.170 - 2,,"",3B59R1,,Raritan,PX3-1842V-K1,3.4.0.5-44367,Good,0.0,,,,,,3B59
10.218.76.171 - 1,00:0d:5d:0f:88:c5,"",3B60B1,,Raritan,PX3-1842V-K2,3.4.0.5-44367,Good,4.568,,,974.0,995.0,22.8,3B60
10.218.76.171 - 2,,"",3B60R1,,Raritan,PX3-1842V-K1,3.4.0.5-44367,Good,4.262,,,906.0,927.0,,3B60
10.218.76.172 - 1,00:0d:5d:0f:88:c3,"",3B61B1,,Raritan,PX3-1842V-K2,3.4.0.5-44367,Good,7.721,,,1567.0,1682.0,22.0,3B61
10.218.76.172 - 2,,"",3B61R1,,Raritan,PX3-1842V-K1,3.4.0.5-44367,Good,8.001,,,1626.0,1738.0,,3B61
10.218.76.173 - 1,00:0d:5d:0f:88:4f,"",3B62B1,,Raritan,PX3-1842V-K2,3.4.0.5-44367,Good,10.715,,,2201.0,2324.0,22.5,3B62
10.218.76.173 - 2,,"",3B62B2,,Raritan,PX3-1842V-K2,3.4.0.5-44367,Good,0.0,,,,,,3B62
10.218.76.173 - 3,,"",3B62R2,,Raritan,PX3-1842V-K1,3.4.0.5-44367,Good,0.0,,,,,,3B62
10.218.76.173 - 4,,"",3B62R1,,Raritan,PX3-1842V-K1,3.4.0.5-44367,Good,10.885,,,2227.0,2353.0,,3B62
10.218.76.174 - 1,00:0d:5d:0f:88:ca,"",3B63B1,,Raritan,PX3-1842V-K2,3.4.0.5-44367,Good,8.466,,,1733.0,1839.0,22.8,3B63
10.218.76.174 - 2,,"",3B63B2,,Raritan,PX3-1842V-K2,3.4.0.5-44367,Good,2.667,,,541.0,581.0,,3B63
10.218.76.174 - 3,,"",3B63R1,,Raritan,PX3-1842V-K1,3.4.0.5-44367,Critical,10.018,,,2049.0,2169.0,,3B63
10.218.76.174 - 4,,"",3B63R2,,Raritan,PX3-1842V-K1,3.4.0.5-44367,Good,2.926,,,600.0,638.0,,3B63
10.218.76.175 - 1,00:0d:5d:0f:87:ec,"",3B64B1,,Raritan,PX3-1842V-K2,3.4.0.5-44367,Good,8.211,,,1684.0,1786.0,22.6,3B64
10.218.76.175 - 2,,"",3B64B2,,Raritan,PX3-1842V-K2,3.4.0.5-44367,Good,0.0,,,,,,3B64
10.218.76.175 - 3,,"",3B64R1,,Raritan,PX3-1842V-K1,3.4.0.5-44367,Good,8.036,,,1639.0,1747.0,,3B64
10.218.76.175 - 4,,"",3B64R2,,Raritan,PX3-1842V-K1,3.4.0.5-44367,Critical,0.0,,,,,,3B64
10.218.76.176 - 1,00:0d:5d:0f:88:03,"",3B65B1,,Raritan,PX3-1842V-K2,3.4.0.5-44367,Good,2.773,,,568.0,605.0,22.8,3B65
10.218.76.176 - 2,,"",3B65B2,,Raritan,PX3-1842V-K2,3.4.0.5-44367,Good,0.0,,,,,,3B65
10.218.76.176 - 3,,"",3B65R1,,Raritan,PX3-1842V-K1,3.4.0.5-44367,Good,2.893,,,593.0,630.0,,3B65
10.218.76.176 - 4,,"",3B65R2,,Raritan,PX3-1842V-K1,3.4.0.5-44367,Good,0.0,,,,,,3B65
10.218.76.177 - 1,00:0d:5d:0f:88:78,"",3B66B1,,Raritan,PX3-1842V-K2,3.4.0.5-44367,Good,0.001,,,,,22.8,3B66
10.218.76.177 - 2,,"",3B66B2,,Raritan,PX3-1842V-K2,3.4.0.5-44367,Good,0.0,,,,,,3B66
10.218.76.177 - 3,,"",3B66R1,,Raritan,PX3-1842V-K1,3.4.0.5-44367,Good,0.0,,,,,,3B66
10.218.76.177 - 4,,"",3B66R2,,Raritan,PX3-1842V-K1,3.4.0.5-44367,Good,0.0,,,,,,3B66
10.218.76.178 - 1,00:0d:5d:0f:88:1e,"",3B67B1,,Raritan,PX3-1842V-K2,3.4.0.5-44367,Good,6.739,,,1384.0,1463.0,23.0,3B67
10.218.76.178 - 2,,"",3B67B2,,Raritan,PX3-1842V-K2,3.4.0.5-44367,Good,0.0,,,,,,3B67
10.218.76.178 - 3,,"",3B67R1,,Raritan,PX3-1842V-K1,3.4.0.5-44367,Good,6.472,,,1325.0,1405.0,,3B67
10.218.76.178 - 4,,"",3B67R2,,Raritan,PX3-1842V-K1,3.4.0.5-44367,Good,0.0,,,,,,3B67
10.218.76.179 - 1,00:0d:5d:0f:88:70,"",3B68B1,,Raritan,PX3-1842V-K2,3.4.0.5-44367,Good,0.597,,,113.0,131.0,23.4,3B68
10.218.76.179 - 2,,"",3B68R1,,Raritan,PX3-1842V-K1,3.4.0.5-44367,Good,0.802,,,135.0,176.0,,3B68
10.218.76.180 - 1,00:0d:5d:0f:88:7b,"",3B69B1,,Raritan,PX3-1842V-K2,3.4.0.5-44367,Good,2.367,,,477.0,516.0,23.2,3B69
10.218.76.180 - 2,,"",3B69R1,,Raritan,PX3-1842V-K1,3.4.0.5-44367,Good,2.393,,,467.0,523.0,,3B69
10.218.76.201,,,,,,,,Warning,,,,,,,3A38
10.218.76.202,,,,,,,,Warning,,,,,,,3A39
10.218.76.203,,,,,,,,Warning,,,,,,,3A68
10.218.76.204,,,,,,,,Warning,,,,,,,3A69
10.218.76.205,,,,,,,,Warning,,,,,,,3B38
10.218.76.206,,,,,,,,Warning,,,,,,,3B39
10.218.76.207,,,,,,,,Warning,,,,,,,3B68
10.218.76.208,,,,,,,,Warning,,,,,,,3B69
10.218.77.51 - 1,00:0d:5d:0f:86:fb,"",4A01R1,,Raritan,PX3-1842V-K1,3.4.0.5-44367,Good,2.32,,,485.0,506.0,22.6,4A01
10.218.77.51 - 2,,"",4A01B1,,Raritan,PX3-1842V-K2,3.4.0.5-44367,Good,0.747,,,111.0,163.0,,4A01
10.218.77.52 - 1,00:0d:5d:0f:87:0c,"",4A02R1,,Raritan,PX3-1842V-K1,3.4.0.5-44367,Good,4.846,,,978.0,1056.0,22.7,4A02
10.218.77.52 - 2,,"",4A02B1,,Raritan,PX3-1842V-K2,3.4.0.5-44367,Good,3.69,,,728.0,803.0,,4A02
10.218.77.53 - 1,00:0d:5d:0f:86:e5,"",4A03R1,,Raritan,PX3-1842V-K1,3.4.0.5-44367,Good,2.852,,,546.0,624.0,22.4,4A03
10.218.77.53 - 2,,"",4A03B1,,Raritan,PX3-1842V-K2,3.4.0.5-44367,Good,3.431,,,655.0,748.0,,4A03
10.218.77.54 - 1,00:0d:5d:0f:86:df,"",4A04R1,,Raritan,PX3-1842V-K1,3.4.0.5-44367,Good,0.98,,,185.0,213.0,22.9,4A04
10.218.77.54 - 2,,"",4A04B1,,Raritan,PX3-1842V-K2,3.4.0.5-44367,Good,1.276,,,230.0,278.0,,4A04
10.218.77.55 - 1,00:0d:5d:0f:87:7f,"",4A05R1,,Raritan,PX3-1842V-K1,3.4.0.5-44367,Good,8.401,,,1820.0,1826.0,22.9,4A05
10.218.77.55 - 2,,"",4A05B1,,Raritan,PX3-1842V-K2,3.4.0.5-44367,Good,8.711,,,1882.0,1889.0,,4A05
10.218.77.56 - 1,00:0d:5d:0f:86:d4,"",4A06R1,,Raritan,PX3-1842V-K1,3.4.0.5-44367,Good,8.285,,,1792.0,1805.0,22.3,4A06
10.218.77.56 - 2,,"",4A06B1,,Raritan,PX3-1842V-K2,3.4.0.5-44367,Good,9.296,,,2007.0,2022.0,,4A06
10.218.77.57 - 1,00:0d:5d:0f:87:40,"",4A07R1,,Raritan,PX3-1842V-K1,3.4.0.5-44367,Good,1.23,,,264.0,268.0,23.4,4A07
10.218.77.57 - 2,,"",4A07R2,,Raritan,PX3-1842V-K1,3.4.0.5-44367,Good,0.0,,,,,,4A07
10.218.77.57 - 3,,"",4A07B1,,Raritan,PX3-1842V-K2,3.4.0.5-44367,Good,0.548,,,106.0,120.0,,4A07
10.218.77.57 - 4,,"",4A07B2,,Raritan,PX3-1842V-K2,3.4.0.5-44367,Good,0.0,,,,,,4A07
10.218.77.58 - 1,00:0d:5d:0f:87:0e,"",4A08R1,,Raritan,PX3-1842V-K1,3.4.0.5-44367,Good,3.515,,,755.0,764.0,23.7,4A08
10.218.77.58 - 2,,"",4A08R2,,Raritan,PX3-1842V-K1,3.4.0.5-44367,Good,0.0,,,,,,4A08
10.218.77.58 - 3,,"",4A08B1,,Raritan,PX3-1842V-K2,3.4.0.5-44367,Good,0.645,,,104.0,141.0,,4A08
10.218.77.58 - 4,,"",4A08B2,,Raritan,PX3-1842V-K2,3.4.0.5-44367,Good,0.0,,,,,,4A08
10.218.77.59 - 1,00:0d:5d:0f:87:63,"",4A09R1,,Raritan,PX3-1842V-K1,3.4.0.5-44367,Good,0.471,,,99.0,103.0,21.9,4A09
10.218.77.59 - 2,,"",4A09R2,,Raritan,PX3-1842V-K1,3.4.0.5-44367,Good,0.0,,,,,,4A09
10.218.77.59 - 3,,"",4A09B1,,Raritan,PX3-1842V-K2,3.4.0.5-44367,Good,0.523,,,109.0,114.0,,4A09
10.218.77.59 - 4,,"",4A09B2,,Raritan,PX3-1842V-K2,3.4.0.5-44367,Good,0.0,,,,,,4A09
10.218.77.60 - 1,00:0d:5d:0f:86:ec,"",4A10R1,,Raritan,PX3-1842V-K1,3.4.0.5-44367,Good,3.709,,,779.0,806.0,21.7,4A10
10.218.77.60 - 2,,"",4A10R2,,Raritan,PX3-1842V-K1,3.4.0.5-44367,Good,0.0,,,,,,4A10
10.218.77.61 - 1,00:0d:5d:0f:87:c6,"",4A11R1,,Raritan,PX3-1842V-K1,3.4.0.5-44367,Good,5.56,,,1192.0,1210.0,21.9,4A11
10.218.77.61 - 2,,"",4A11R2,,Raritan,PX3-1842V-K1,3.4.0.5-44367,Good,2.961,,,613.0,644.0,,4A11
10.218.77.61 - 3,,"",4A11B1,,Raritan,PX3-1842V-K2,3.4.0.5-44367,Good,5.506,,,1173.0,1196.0,,4A11
10.218.77.61 - 4,,"",4A11B2,,Raritan,PX3-1842V-K2,3.4.0.5-44367,Good,2.706,,,551.0,589.0,,4A11
10.218.77.62 - 1,00:0d:5d:0f:86:f8,"",4A12R1,,Raritan,PX3-1842V-K1,3.4.0.5-44367,Good,4.502,,,970.0,981.0,23.5,4A12
10.218.77.62 - 2,,"",4A12B1,,Raritan,PX3-1842V-K2,3.4.0.5-44367,Good,4.266,,,922.0,929.0,,4A12
10.218.77.63 - 1,00:0d:5d:0f:87:ab,"",4A13R1,,Raritan,PX3-1842V-K1,3.4.0.5-44367,Good,0.0,,,,,24.0,4A13
10.218.77.63 - 2,,"",4A13B1,,Raritan,PX3-1842V-K2,3.4.0.5-44367,Good,0.0,,,,,,4A13
10.218.77.64 - 1,00:0d:5d:0f:86:f1,"",4A14R1,,Raritan,PX3-1842V-K1,3.4.0.5-44367,Good,0.0,,,,,23.9,4A14
10.218.77.64 - 2,,"",4A14B1,,Raritan,PX3-1842V-K2,3.4.0.5-44367,Critical,0.0,,,,,,4A14
10.218.77.65 - 1,00:0d:5d:0f:87:04,"",4A15R1,,Raritan,PX3-1842V-K1,3.4.0.5-44367,Good,0.0,,,,,24.2,4A15
10.218.77.65 - 2,,"",4A15B1,,Raritan,PX3-1842V-K2,3.4.0.5-44367,Good,0.0,,,,,,4A15
10.218.77.66 - 1,00:0d:5d:0f:87:49,"",4A16R1,,Raritan,PX3-1842V-K1,3.4.0.5-44367,Good,2.977,,,616.0,648.0,22.9,4A16
10.218.77.66 - 2,,"",4A16B1,,Raritan,PX3-1842V-K2,3.4.0.5-44367,Good,2.91,,,604.0,633.0,,4A16
10.218.77.67 - 1,00:0d:5d:10:98:b7,"",4A17R2,,Raritan,PX3-1292R-K1,3.4.0.5-44367,Good,6.507,,,1334.0,1406.0,23.0,4A17
10.218.77.67 - 2,,"",4A17R1,,Raritan,PX3-1292R-K1,3.4.0.5-44367,Good,0.0,,,,,,4A17
10.218.77.67 - 3,,"",4A17B2,,Raritan,PX3-1292R-K2,3.4.0.5-44367,Good,6.323,,,1291.0,1364.0,,4A17
10.218.77.67 - 4,,"",4A17B1,,Raritan,PX3-1292R-K2,3.4.0.5-44367,Good,0.0,,,,,,4A17
10.218.77.68 - 1,00:0d:5d:0f:87:b1,"",4A18R1,,Raritan,PX3-1842V-K1,3.4.0.5-44367,Good,0.0,,,,,23.6,4A18
10.218.77.68 - 2,,"",4A18R1,,Raritan,PX3-1292R-K1,3.4.0.5-44367,Critical,,,,,,,4A18
10.218.77.68 - 3,,"",4A18B2,,Raritan,PX3-1842V-K2,3.4.0.5-44367,Good,0.0,,,,,,4A18
10.218.77.68 - 4,,"",4A18B1,,Raritan,PX3-1842V-K2,3.4.0.5-44367,Good,0.0,,,,,,4A18
10.218.77.69 - 1,00:0d:5d:10:98:b0,"",4A19R2,,Raritan,PX3-1292R-K1,3.4.0.5-44367,Good,3.554,,,736.0,769.0,23.5,4A19
10.218.77.69 - 2,,"",4A19R1,,Raritan,PX3-1292R-K1,3.4.0.5-44367,Good,0.0,,,,,,4A19
10.218.77.69 - 3,,"",4A19B2,,Raritan,PX3-1292R-K2,3.4.0.5-44367,Good,3.511,,,730.0,761.0,,4A19
10.218.77.69 - 4,,"",4A19B1,,Raritan,PX3-1292R-K2,3.4.0.5-44367,Good,0.0,,,,,,4A19
10.218.77.70 - 1,00:0d:5d:10:98:bb,"",4A20R2,,Raritan,PX3-1292R-K1,3.4.0.5-44367,Good,0.0,,,,,23.3,4A20
10.218.77.70 - 2,,"",4A20R1,,Raritan,PX3-1292R-K1,3.4.0.5-44367,Good,3.851,,,736.0,835.0,,4A20
10.218.77.70 - 3,,"",4A20B2,,Raritan,PX3-1292R-K2,3.4.0.5-44367,Critical,0.0,,,,,,4A20
10.218.77.70 - 4,,"",4A20B1,,Raritan,PX3-1292R-K2,3.4.0.5-44367,Good,3.933,,,756.0,853.0,,4A20
10.218.77.71 - 1,00:0d:5d:0f:87:15,"",4A21R1,,Raritan,PX3-1842V-K1,3.4.0.5-44367,Good,0.0,,,,,24.8,4A21
10.218.77.71 - 2,,"",4A21B1,,Raritan,PX3-1842V-K2,3.4.0.5-44367,Good,0.0,,,,,,4A21
10.218.77.72 - 1,00:0d:5d:0f:87:9c,"",4A22R1,,Raritan,PX3-1842V-K1,3.4.0.5-44367,Good,5.301,,,1123.0,1152.0,24.2,4A22
10.218.77.72 - 2,,"",4A22B1,,Raritan,PX3-1842V-K2,3.4.0.5-44367,Good,5.117,,,1080.0,1113.0,,4A22
10.218.77.73 - 1,00:0d:5d:0f:87:8b,"",4A23R1,,Raritan,PX3-1842V-K1,3.4.0.5-44367,Good,0.0,,,,,25.9,4A23
10.218.77.73 - 2,,"",4A23B1,,Raritan,PX3-1842V-K2,3.4.0.5-44367,Good,0.0,,,,,,4A23
10.218.77.74 - 1,00:0d:5d:0f:87:6d,"",4A24R1,,Raritan,PX3-1842V-K1,3.4.0.5-44367,Warning,7.743,,,1579.0,1681.0,22.8,4A24
10.218.77.74 - 2,,"",4A24R2,,Raritan,PX3-1842V-K1,3.4.0.5-44367,Good,6.636,,,1362.0,1442.0,,4A24
10.218.77.74 - 3,,"",4A24B2,,Raritan,PX3-1842V-K2,3.4.0.5-44367,Good,6.613,,,1352.0,1434.0,,4A24
10.218.77.74 - 4,,"",4A24B1,,Raritan,PX3-1842V-K2,3.4.0.5-44367,Good,7.542,,,1538.0,1637.0,,4A24
10.218.77.75 - 1,00:0d:5d:0f:87:cf,"",4A25R1,,Raritan,PX3-1842V-K1,3.4.0.5-44367,Warning,11.479,,,2367.0,2499.0,22.6,4A25
10.218.77.75 - 2,,"",4A25R2,,Raritan,PX3-1842V-K1,3.4.0.5-44367,Good,0.0,,,,,,4A25
10.218.77.75 - 3,,"",4A25B1,,Raritan,PX3-1842V-K2,3.4.0.5-44367,Good,10.981,,,2254.0,2384.0,,4A25
10.218.77.75 - 4,,"",4A25B2,,Raritan,PX3-1842V-K2,3.4.0.5-44367,Good,0.0,,,,,,4A25
10.218.77.76 - 1,00:0d:5d:0f:86:da,"",4A26R1,,Raritan,PX3-1842V-K1,3.4.0.5-44367,Good,9.437,,,1934.0,2047.0,22.1,4A26
10.218.77.76 - 2,,"",4A26R2,,Raritan,PX3-1842V-K1,3.4.0.5-44367,Good,0.0,,,,,,4A26
10.218.77.76 - 3,,"",4A26B1,,Raritan,PX3-1842V-K2,3.4.0.5-44367,Good,8.879,,,1811.0,1925.0,,4A26
10.218.77.76 - 4,,"",4A26B2,,Raritan,PX3-1842V-K2,3.4.0.5-44367,Good,0.0,,,,,,4A26
10.218.77.77 - 1,00:0d:5d:0f:86:d7,"",4A27R1,,Raritan,PX3-1842V-K1,3.4.0.5-44367,Good,5.353,,,1093.0,1162.0,22.0,4A27
10.218.77.77 - 2,,"",4A27R2,,Raritan,PX3-1842V-K1,3.4.0.5-44367,Good,3.352,,,685.0,728.0,,4A27
10.218.77.77 - 3,,"",4A27B1,,Raritan,PX3-1842V-K2,3.4.0.5-44367,Critical,4.811,,,975.0,1046.0,,4A27
10.218.77.77 - 4,,"",4A27B2,,Raritan,PX3-1842V-K2,3.4.0.5-44367,Good,3.252,,,662.0,706.0,,4A27
10.218.77.78 - 1,00:0d:5d:0f:86:f5,"",4A28R1,,Raritan,PX3-1842V-K1,3.4.0.5-44367,Good,5.87,,,1074.0,1279.0,22.5,4A28
10.218.77.78 - 2,,"",4A28R2,,Raritan,PX3-1842V-K1,3.4.0.5-44367,Good,0.0,,,,,,4A28
10.218.77.78 - 3,,"",4A28B1,,Raritan,PX3-1842V-K2,3.4.0.5-44367,Good,5.944,,,1093.0,1292.0,,4A28
10.218.77.78 - 4,,"",4A28B2,,Raritan,PX3-1842V-K2,3.4.0.5-44367,Good,0.0,,,,,,4A28
10.218.77.79 - 1,00:0d:5d:0f:87:b4,"",4A29R1,,Raritan,PX3-1842V-K1,3.4.0.5-44367,Good,1.882,,,376.0,412.0,22.4,4A29
10.218.77.79 - 2,,"",4A29R2,,Raritan,PX3-1842V-K1,3.4.0.5-44367,Good,0.0,,,,,,4A29
10.218.77.79 - 3,,"",4A29B1,,Raritan,PX3-1842V-K2,3.4.0.5-44367,Good,1.775,,,351.0,387.0,,4A29
10.218.77.79 - 4,,"",4A29B2,,Raritan,PX3-1842V-K2,3.4.0.5-44367,Good,0.0,,,,,,4A29
10.218.77.80 - 1,00:0d:5d:0f:87:2e,"",4A30R1,,Raritan,PX3-1842V-K1,3.4.0.5-44367,Good,6.436,,,1372.0,1398.0,22.3,4A30
10.218.77.80 - 2,,"",4A30R2,,Raritan,PX3-1842V-K1,3.4.0.5-44367,Warning,5.263,,,1119.0,1143.0,,4A30
10.218.77.80 - 3,,"",4A30B1,,Raritan,PX3-1842V-K2,3.4.0.5-44367,Good,5.881,,,1251.0,1279.0,,4A30
10.218.77.80 - 4,,"",4A30B2,,Raritan,PX3-1842V-K2,3.4.0.5-44367,Good,6.029,,,1280.0,1307.0,,4A30
10.218.77.81 - 1,00:0d:5d:0f:87:37,"",4A31R1,,Raritan,PX3-1842V-K1,3.4.0.5-44367,Good,3.351,,,704.0,730.0,22.2,4A31
10.218.77.81 - 2,,"",4A31R2,,Raritan,PX3-1842V-K1,3.4.0.5-44367,Warning,0.0,,,,,,4A31
10.218.77.81 - 3,,"",4A31B1,,Raritan,PX3-1842V-K2,3.4.0.5-44367,Good,3.595,,,760.0,783.0,,4A31
10.218.77.81 - 4,,"",4A31B2,,Raritan,PX3-1842V-K2,3.4.0.5-44367,Warning,0.0,,,,,,4A31
10.218.77.82 - 1,00:0d:5d:0f:87:29,"",4A32R1,,Raritan,PX3-1842V-K1,3.4.0.5-44367,Good,4.434,,,934.0,966.0,22.4,4A32
10.218.77.82 - 2,,"",4A32R2,,Raritan,PX3-1842V-K1,3.4.0.5-44367,Good,0.0,,,,,,4A32
10.218.77.82 - 3,,"",4A32B1,,Raritan,PX3-1842V-K2,3.4.0.5-44367,Good,4.367,,,919.0,952.0,,4A32
10.218.77.82 - 4,,"",4A32B2,,Raritan,PX3-1842V-K2,3.4.0.5-44367,Good,0.0,,,,,,4A32
10.218.77.83 - 1,00:0d:5d:0f:87:25,"",4A33R1,,Raritan,PX3-1842V-K1,3.4.0.5-44367,Good,8.469,,,1776.0,1835.0,22.2,4A33
10.218.77.83 - 2,,"",4A33B1,,Raritan,PX3-1842V-K2,3.4.0.5-44367,Good,7.832,,,1630.0,1701.0,,4A33
10.218.77.84 - 1,00:0d:5d:0f:87:2b,"",4A34R1,,Raritan,PX3-1842V-K1,3.4.0.5-44367,Good,5.428,,,1145.0,1176.0,22.8,4A34
10.218.77.84 - 2,,"",4A34R2,,Raritan,PX3-1842V-K1,3.4.0.5-44367,Good,5.412,,,1142.0,1174.0,,4A34
10.218.77.84 - 3,,"",4A34R4,,Raritan,PX3-1206R-K1,3.4.0.5-44367,Good,5.293,,,1122.0,1146.0,,4A34
10.218.77.84 - 4,,"",4A34R3,,Raritan,PX3-1206R-K1,3.4.0.5-44367,Good,5.173,,,1096.0,1120.0,,4A34
10.218.77.84 - 5,,"",4A34B1,,Raritan,PX3-1842V-K2,3.4.0.5-44367,Good,5.439,,,1148.0,1179.0,,4A34
10.218.77.84 - 6,,"",4A34B2,,Raritan,PX3-1842V-K2,3.4.0.5-44367,Good,5.563,,,1174.0,1204.0,,4A34
10.218.77.84 - 7,,"",4A34B4,,Raritan,PX3-1206R-K2,3.4.0.5-44367,Good,5.562,,,1179.0,1202.0,,4A34
10.218.77.84 - 8,,"",4A34B3,,Raritan,PX3-1206R-K2,3.4.0.5-44367,Good,5.192,,,1103.0,1121.0,,4A34
10.218.77.85 - 1,00:0d:5d:0f:87:68,"",4A35R1,,Raritan,PX3-1842V-K1,3.4.0.5-44367,Good,6.052,,,1265.0,1313.0,33.6,4A35
10.218.77.85 - 2,,"",4A35B1,,Raritan,PX3-1842V-K2,3.4.0.5-44367,Critical,5.938,,,1242.0,1287.0,,4A35
10.218.77.86 - 1,00:0d:5d:0f:87:33,"",4A36R1,,Raritan,PX3-1842V-K1,3.4.0.5-44367,Good,0.965,,,133.0,211.0,25.3,4A36
10.218.77.86 - 2,,"",4A36B1,,Raritan,PX3-1842V-K2,3.4.0.5-44367,Good,0.652,,,91.0,142.0,,4A36
10.218.77.87 - 1,00:0d:5d:0f:86:f0,"",4A37R1,,Raritan,PX3-1842V-K1,3.4.0.5-44367,Good,1.947,,,358.0,424.0,23.7,4A37
10.218.77.87 - 2,,"",4A37B1,,Raritan,PX3-1842V-K2,3.4.0.5-44367,Critical,1.433,,,284.0,311.0,,4A37
10.218.77.88 - 1,00:0d:5d:0f:87:66,"",4A38R1,,Raritan,PX3-1842V-K1,3.4.0.5-44367,Good,3.568,,,601.0,776.0,25.2,4A38
10.218.77.88 - 2,,"",4A38B1,,Raritan,PX3-1842V-K2,3.4.0.5-44367,Good,3.348,,,571.0,728.0,,4A38
10.218.77.89 - 1,00:0d:5d:0f:87:d5,"",4A43R1,,Raritan,PX3-1842V-K1,3.4.0.5-44367,Warning,2.044,,,386.0,444.0,27.5,4A43
10.218.77.89 - 2,,"",4A43B1,,Raritan,PX3-1842V-K2,3.4.0.5-44367,Good,1.752,,,333.0,381.0,,4A43
10.218.77.90 - 1,00:0d:5d:0f:87:27,"",4A44R1,,Raritan,PX3-1842V-K1,3.4.0.5-44367,Good,2.336,,,416.0,509.0,27.7,4A44
10.218.77.90 - 2,,"",4A44B1,,Raritan,PX3-1842V-K2,3.4.0.5-44367,Good,1.573,,,276.0,342.0,,4A44
10.218.77.91 - 1,00:0d:5d:0f:87:30,"",4A45R1,,Raritan,PX3-1842V-K1,3.4.0.5-44367,Good,3.062,,,631.0,666.0,26.6,4A45
10.218.77.91 - 2,,"",4A45B1,,Raritan,PX3-1842V-K2,3.4.0.5-44367,Good,2.156,,,414.0,468.0,,4A45
10.218.77.92 - 1,00:0d:5d:0f:87:4e,"",4A46R1,,Raritan,PX3-1842V-K1,3.4.0.5-44367,Good,1.628,,,350.0,354.0,25.7,4A46
10.218.77.92 - 2,,"",4A46B1,,Raritan,PX3-1842V-K2,3.4.0.5-44367,Good,1.532,,,328.0,333.0,,4A46
10.218.77.93 - 1,00:0d:5d:0f:87:5c,"",4A47R1,,Raritan,PX3-1842V-K1,3.4.0.5-44367,Good,2.983,,,615.0,650.0,23.9,4A47
10.218.77.93 - 2,,"",4A47B1,,Raritan,PX3-1842V-K2,3.4.0.5-44367,Good,2.749,,,562.0,600.0,,4A47
10.218.77.94 - 1,00:0d:5d:0f:86:e8,"",4A48R1,,Raritan,PX3-1842V-K1,3.4.0.5-44367,Good,2.778,,,569.0,603.0,23.3,4A48
10.218.77.94 - 2,,"",4A48B1,,Raritan,PX3-1842V-K2,3.4.0.5-44367,Good,2.806,,,574.0,609.0,,4A48
10.218.77.95 - 1,00:0d:5d:0f:87:4f,"",4A49R1,,Raritan,PX3-1842V-K1,3.4.0.5-44367,Good,3.497,,,734.0,762.0,22.2,4A49
10.218.77.95 - 2,,"",4A49B1,,Raritan,PX3-1842V-K2,3.4.0.5-44367,Critical,3.433,,,710.0,746.0,,4A49
10.218.77.96 - 1,00:0d:5d:0f:87:54,"",4A50R1,,Raritan,PX3-1842V-K1,3.4.0.5-44367,Good,3.543,,,746.0,773.0,24.9,4A50
10.218.77.96 - 2,,"",4A50B1,,Raritan,PX3-1842V-K2,3.4.0.5-44367,Good,3.725,,,782.0,812.0,,4A50
10.218.77.97 - 1,00:0d:5d:0f:87:61,"",4A51R1,,Raritan,PX3-1842V-K1,3.4.0.5-44367,Warning,1.699,,,352.0,370.0,22.7,4A51
10.218.77.97 - 2,,"",4A51B1,,Raritan,PX3-1842V-K2,3.4.0.5-44367,Good,1.481,,,306.0,322.0,,4A51
10.218.77.98 - 1,00:0d:5d:10:98:c0,"",4A52R2,,Raritan,PX3-1292R-K1,3.4.0.5-44367,Good,5.409,,,1157.0,1172.0,22.7,4A52
10.218.77.98 - 2,,"",4A52R1,,Raritan,PX3-1292R-K1,3.4.0.5-44367,Good,5.223,,,1118.0,1129.0,,4A52
10.218.77.98 - 3,,"",4A52B2,,Raritan,PX3-1292R-K2,3.4.0.5-44367,Good,5.168,,,1101.0,1116.0,,4A52
10.218.77.98 - 4,,"",4A52B1,,Raritan,PX3-1292R-K2,3.4.0.5-44367,Good,4.327,,,923.0,934.0,,4A52
10.218.77.99 - 1,00:0d:5d:10:98:c6,"",4A53R2,,Raritan,PX3-1292R-K1,3.4.0.5-44367,Good,4.637,,,990.0,1004.0,21.9,4A53
10.218.77.99 - 2,,"",4A53R1,,Raritan,PX3-1292R-K1,3.4.0.5-44367,Good,4.833,,,1041.0,1051.0,,4A53
10.218.77.99 - 3,,"",4A53B2,,Raritan,PX3-1292R-K2,3.4.0.5-44367,Good,5.404,,,1154.0,1165.0,,4A53
10.218.77.99 - 4,,"",4A53B1,,Raritan,PX3-1292R-K2,3.4.0.5-44367,Good,4.583,,,981.0,993.0,,4A53
10.218.77.100 - 1,00:0d:5d:10:98:b2,"",4A54R2,,Raritan,PX3-1292R-K1,3.4.0.5-44367,Good,0.462,,,96.0,101.0,21.8,4A54
10.218.77.100 - 2,,"",4A54R1,,Raritan,PX3-1292R-K1,3.4.0.5-44367,Good,0.0,,,,,,4A54
10.218.77.100 - 3,,"",4A54B2,,Raritan,PX3-1292R-K2,3.4.0.5-44367,Good,0.495,,,103.0,108.0,,4A54
10.218.77.100 - 4,,"",4A54B1,,Raritan,PX3-1292R-K2,3.4.0.5-44367,Good,0.0,,,,,,4A54
10.218.77.101 - 1,00:0d:5d:0f:7e:41,"",4A55R1,,Raritan,PX3-1811-K1,3.4.0.5-44367,Good,2.589,,,553.0,564.0,21.4,4A55
10.218.77.101 - 2,,"",4A55R2,,Raritan,PX3-1811-K1,3.4.0.5-44367,Good,4.235,,,912.0,924.0,,4A55
10.218.77.101 - 3,,"",4A55R3,,Raritan,PX3-1811-K1,3.4.0.5-44367,Good,0.0,,,,,,4A55
10.218.77.101 - 4,,"",4A55B1,,Raritan,PX3-1811-K2,3.4.0.5-44367,Good,2.573,,,549.0,559.0,,4A55
10.218.77.101 - 5,,"",4A55B2,,Raritan,PX3-1811-K2,3.4.0.5-44367,Good,4.154,,,893.0,906.0,,4A55
10.218.77.101 - 6,,"",4A55B3,,Raritan,PX3-1811-K2,3.4.0.5-44367,Good,0.0,,,,,,4A55
10.218.77.102 - 1,00:0d:5d:0f:7e:26,"",4A56R1,,Raritan,PX3-1811-K1,3.4.0.5-44367,Warning,6.341,,,1353.0,1378.0,21.0,4A56
10.218.77.102 - 2,,"",4A56R2,,Raritan,PX3-1811-K1,3.4.0.5-44367,Good,2.243,,,475.0,489.0,,4A56
10.218.77.102 - 3,,"",4A56R3,,Raritan,PX3-1811-K1,3.4.0.5-44367,Good,3.836,,,815.0,835.0,,4A56
10.218.77.102 - 4,,"",4A56B1,,Raritan,PX3-1811-K2,3.4.0.5-44367,Good,4.37,,,913.0,949.0,,4A56
10.218.77.102 - 5,,"",4A56B2,,Raritan,PX3-1811-K2,3.4.0.5-44367,Good,5.452,,,1157.0,1182.0,,4A56
10.218.77.102 - 6,,"",4A56B3,,Raritan,PX3-1811-K2,3.4.0.5-44367,Good,4.623,,,986.0,1004.0,,4A56
10.218.77.103 - 1,00:0d:5d:0f:7e:3a,"",4A57R1,,Raritan,PX3-1811-K1,3.4.0.5-44367,Good,0.0,,,,,21.8,4A57
10.218.77.103 - 2,,"",4A57R2,,Raritan,PX3-1811-K1,3.4.0.5-44367,Good,0.0,,,,,,4A57
10.218.77.103 - 3,,"",4A57R3,,Raritan,PX3-1811-K1,3.4.0.5-44367,Good,0.0,,,,,,4A57
10.218.77.103 - 4,,"",4A57B1,,Raritan,PX3-1811-K2,3.4.0.5-44367,Good,0.0,,,,,,4A57
10.218.77.103 - 5,,"",4A57B2,,Raritan,PX3-1811-K2,3.4.0.5-44367,Good,0.0,,,,,,4A57
10.218.77.103 - 6,,"",4A57B3,,Raritan,PX3-1811-K2,3.4.0.5-44367,Good,0.0,,,,,,4A57
10.218.77.104,00:0d:5d:11:a5:85,,4A5801,"",Raritan,EMX2-111,3.3.10.5-43736,Good,,,,,,21.2,4A58
10.218.77.105 - 1,00:0d:5d:0f:7e:5a,"",4A59R1,,Raritan,PX3-1811-K1,3.4.0.5-44367,Good,0.512,,,108.0,112.0,21.1,4A59
10.218.77.105 - 2,,"",4A59R2,,Raritan,PX3-1811-K1,3.4.0.5-44367,Good,0.414,,,77.0,91.0,,4A59
10.218.77.105 - 3,,"",4A59R3,,Raritan,PX3-1811-K1,3.4.0.5-44367,Good,3.633,,,755.0,794.0,,4A59
10.218.77.105 - 4,,"",4A59B1,,Raritan,PX3-1811-K2,3.4.0.5-44367,Good,0.501,,,105.0,109.0,,4A59
10.218.77.105 - 5,,"",4A59B2,,Raritan,PX3-1811-K2,3.4.0.5-44367,Good,0.423,,,80.0,93.0,,4A59
10.218.77.105 - 6,,"",4A59B3,,Raritan,PX3-1811-K2,3.4.0.5-44367,Good,3.504,,,725.0,765.0,,4A59
10.218.77.106 - 1,00:0d:5d:12:37:b2,"",4A60R1,,Raritan,PX3-1292R-K1,3.4.0.5-44367,Good,0.437,,,89.0,96.0,21.4,4A60
10.218.77.106 - 2,,"",4A60R2,,Raritan,PX3-1292R-K1,3.4.0.5-44367,Good,0.0,,,,,,4A60
10.218.77.106 - 3,,"",4A60B1,,Raritan,PX3-1292R-K2,3.4.0.5-44367,Good,0.484,,,99.0,106.0,,4A60
10.218.77.106 - 4,,"",4A60B2,,Raritan,PX3-1292R-K2,3.4.0.5-44367,Good,0.0,,,,,,4A60
10.218.77.107 - 1,00:0d:5d:12:37:fa,"",4A61R1,,Raritan,PX3-1292R-K1,3.4.0.5-44367,Good,0.448,,,92.0,98.0,21.7,4A61
10.218.77.107 - 2,,"",4A61R2,,Raritan,PX3-1292R-K1,3.4.0.5-44367,Good,0.0,,,,,,4A61
10.218.77.107 - 3,,"",4A61B1,,Raritan,PX3-1292R-K2,3.4.0.5-44367,Good,0.477,,,97.0,104.0,,4A61
10.218.77.107 - 4,,"",4A61B2,,Raritan,PX3-1292R-K2,3.4.0.5-44367,Good,0.0,,,,,,4A61
10.218.77.108 - 1,00:0d:5d:12:37:d8,"",4A62R1,,Raritan,PX3-1292R-K1,3.4.0.5-44367,Good,0.442,,,90.0,97.0,21.9,4A62
10.218.77.108 - 2,,"",4A62R2,,Raritan,PX3-1292R-K1,3.4.0.5-44367,Good,0.0,,,,,,4A62
10.218.77.108 - 3,,"",4A62B1,,Raritan,PX3-1292R-K2,3.4.0.5-44367,Good,0.497,,,101.0,108.0,,4A62
10.218.77.108 - 4,,"",4A62B2,,Raritan,PX3-1292R-K2,3.4.0.5-44367,Good,0.0,,,,,,4A62
10.218.77.109 - 1,00:0d:5d:12:37:ba,"",4A63R1,,Raritan,PX3-1292R-K1,3.4.0.5-44367,Good,0.455,,,96.0,100.0,21.7,4A63
10.218.77.109 - 2,,"",4A63R2,,Raritan,PX3-1292R-K1,3.4.0.5-44367,Good,0.0,,,,,,4A63
10.218.77.109 - 3,,"",4A63B1,,Raritan,PX3-1292R-K2,3.4.0.5-44367,Good,0.495,,,104.0,108.0,,4A63
10.218.77.109 - 4,,"",4A63B2,,Raritan,PX3-1292R-K2,3.4.0.5-44367,Good,0.0,,,,,,4A63
10.218.77.110 - 1,00:0d:5d:11:d5:da,"",4A64R1,,Raritan,PX3-1292R-K1,3.4.0.5-44367,Good,0.447,,,93.0,98.0,22.5,4A64
10.218.77.110 - 2,,"",4A64R2,,Raritan,PX3-1292R-K1,3.4.0.5-44367,Good,0.0,,,,,,4A64
10.218.77.110 - 3,,"",4A64B1,,Raritan,PX3-1292R-K2,3.4.0.5-44367,Good,0.441,,,91.0,96.0,,4A64
10.218.77.110 - 4,,"",4A64B2,,Raritan,PX3-1292R-K2,3.4.0.5-44367,Good,0.0,,,,,,4A64
10.218.77.111 - 1,00:0d:5d:12:37:f0,"",4A65R1,,Raritan,PX3-1292R-K1,3.4.0.5-44367,Good,0.472,,,101.0,103.0,23.1,4A65
10.218.77.111 - 2,,"",4A65R2,,Raritan,PX3-1292R-K1,3.4.0.5-44367,Good,0.0,,,,,,4A65
10.218.77.111 - 3,,"",4A65B1,,Raritan,PX3-1292R-K2,3.4.0.5-44367,Good,0.437,,,89.0,95.0,,4A65
10.218.77.111 - 4,,"",4A65B2,,Raritan,PX3-1292R-K2,3.4.0.5-44367,Good,0.0,,,,,,4A65
10.218.77.112 - 1,00:0d:5d:0f:87:2c,"",4A66R1,,Raritan,PX3-1842V-K1,3.4.0.5-44367,Good,7.249,,,1469.0,1580.0,22.3,4A66
10.218.77.112 - 2,,"",4A66B1,,Raritan,PX3-1842V-K2,3.4.0.5-44367,Good,9.468,,,1934.0,2061.0,,4A66
10.218.77.113 - 1,00:0d:5d:0f:86:d9,"",4A67R1,,Raritan,PX3-1842V-K1,3.4.0.5-44367,Good,7.067,,,1396.0,1537.0,23.5,4A67
10.218.77.113 - 2,,"",4A67B1,,Raritan,PX3-1842V-K2,3.4.0.5-44367,Good,9.546,,,1938.0,2069.0,,4A67
10.218.77.114 - 1,00:0d:5d:0f:87:32,"",4A68R1,,Raritan,PX3-1842V-K1,3.4.0.5-44367,Good,7.498,,,1535.0,1634.0,23.3,4A68
10.218.77.114 - 2,,"",4A68B1,,Raritan,PX3-1842V-K2,3.4.0.5-44367,Good,7.508,,,1543.0,1632.0,,4A68
10.218.77.115 - 1,00:0d:5d:0f:86:d0,"",4A69R1,,Raritan,PX3-1842V-K1,3.4.0.5-44367,Good,1.309,,,238.0,287.0,23.5,4A69
10.218.77.115 - 2,,"",4A69B1,,Raritan,PX3-1842V-K2,3.4.0.5-44367,Good,0.301,,,33.0,66.0,,4A69
10.218.77.116 - 1,00:0d:5d:0f:88:b5,"",4B01B1,,Raritan,PX3-1842V-K2,3.4.0.5-44367,Good,0.664,,,113.0,145.0,22.2,4B01
10.218.77.116 - 2,,"",4B01R1,,Raritan,PX3-1842V-K1,3.4.0.5-44367,Good,2.076,,,439.0,452.0,,4B01
10.218.77.117 - 1,00:0d:5d:0f:88:94,"",4B02B1,,Raritan,PX3-1842V-K2,3.4.0.5-44367,Good,4.41,,,892.0,958.0,22.7,4B02
10.218.77.117 - 2,,"",4B02R1,,Raritan,PX3-1842V-K1,3.4.0.5-44367,Good,2.908,,,581.0,634.0,,4B02
10.218.77.118 - 1,00:0d:5d:0f:88:5c,"",4B03B1,,Raritan,PX3-1842V-K2,3.4.0.5-44367,Good,3.276,,,633.0,714.0,24.1,4B03
10.218.77.118 - 2,,"",4B03R1,,Raritan,PX3-1842V-K1,3.4.0.5-44367,Good,2.447,,,457.0,535.0,,4B03
10.218.77.119 - 1,00:0d:5d:0f:88:4c,"",4B04B1,,Raritan,PX3-1842V-K2,3.4.0.5-44367,Good,3.631,,,782.0,791.0,24.5,4B04
10.218.77.119 - 2,,"",4B04R1,,Raritan,PX3-1842V-K1,3.4.0.5-44367,Good,3.291,,,713.0,720.0,,4B04
10.218.77.120 - 1,00:0d:5d:0f:88:8b,"",4B05B1,,Raritan,PX3-1842V-K2,3.4.0.5-44367,Good,8.338,,,1791.0,1807.0,23.5,4B05
10.218.77.120 - 2,,"",4B05R1,,Raritan,PX3-1842V-K1,3.4.0.5-44367,Good,8.083,,,1746.0,1756.0,,4B05
10.218.77.121 - 1,00:0d:5d:0f:88:bf,"",4B06B1,,Raritan,PX3-1842V-K2,3.4.0.5-44367,Good,8.662,,,1861.0,1880.0,22.7,4B06
10.218.77.121 - 2,,"",4B06R1,,Raritan,PX3-1842V-K1,3.4.0.5-44367,Good,8.814,,,1895.0,1910.0,,4B06
10.218.77.122 - 1,00:0d:5d:0f:88:95,"",4B07B1,,Raritan,PX3-1842V-K2,3.4.0.5-44367,Good,0.54,,,113.0,118.0,23.8,4B07
10.218.77.122 - 2,,"",4B07B2,,Raritan,PX3-1842V-K2,3.4.0.5-44367,Good,0.0,,,,,,4B07
10.218.77.122 - 3,,"",4B07R1,,Raritan,PX3-1842V-K1,3.4.0.5-44367,Good,0.493,,,104.0,108.0,,4B07
10.218.77.122 - 4,,"",4B07R2,,Raritan,PX3-1842V-K1,3.4.0.5-44367,Good,0.0,,,,,,4B07
10.218.77.123 - 1,00:0d:5d:0f:88:66,"",4B08B1,,Raritan,PX3-1842V-K2,3.4.0.5-44367,Good,1.462,,,306.0,318.0,22.8,4B08
10.218.77.123 - 2,,"",4B08B2,,Raritan,PX3-1842V-K2,3.4.0.5-44367,Good,0.0,,,,,,4B08
10.218.77.123 - 3,,"",4B08R1,,Raritan,PX3-1842V-K1,3.4.0.5-44367,Good,1.497,,,318.0,326.0,,4B08
10.218.77.123 - 4,,"",4B08R2,,Raritan,PX3-1842V-K1,3.4.0.5-44367,Good,0.0,,,,,,4B08
10.218.77.124 - 1,00:0d:5d:0f:88:3b,"",4B09B1,,Raritan,PX3-1842V-K2,3.4.0.5-44367,Good,0.529,,,110.0,115.0,22.5,4B09
10.218.77.124 - 2,,"",4B09B2,,Raritan,PX3-1842V-K2,3.4.0.5-44367,Good,0.0,,,,,,4B09
10.218.77.124 - 3,,"",4B09R1,,Raritan,PX3-1842V-K1,3.4.0.5-44367,Good,0.464,,,98.0,101.0,,4B09
10.218.77.124 - 4,,"",4B09R2,,Raritan,PX3-1842V-K1,3.4.0.5-44367,Good,0.0,,,,,,4B09
10.218.77.125 - 1,00:0d:5d:0f:88:89,"",4B10B1,,Raritan,PX3-1842V-K2,3.4.0.5-44367,Good,4.186,,,886.0,912.0,22.2,4B10
10.218.77.125 - 2,,"",4B10B2,,Raritan,PX3-1842V-K2,3.4.0.5-44367,Good,0.0,,,,,,4B10
10.218.77.125 - 3,,"",4B10R1,,Raritan,PX3-1842V-K1,3.4.0.5-44367,Good,4.329,,,915.0,945.0,,4B10
10.218.77.125 - 4,,"",4B10R2,,Raritan,PX3-1842V-K1,3.4.0.5-44367,Good,0.0,,,,,,4B10
10.218.77.126 - 1,00:0d:5d:0f:88:d4,"",4B11B1,,Raritan,PX3-1842V-K2,3.4.0.5-44367,Good,4.042,,,849.0,877.0,23.1,4B11
10.218.77.126 - 2,,"",4B11B2,,Raritan,PX3-1842V-K2,3.4.0.5-44367,Good,2.056,,,444.0,447.0,,4B11
10.218.77.126 - 3,,"",4B11R1,,Raritan,PX3-1842V-K1,3.4.0.5-44367,Good,4.219,,,879.0,919.0,,4B11
10.218.77.126 - 4,,"",4B11R2,,Raritan,PX3-1842V-K1,3.4.0.5-44367,Good,2.02,,,438.0,440.0,,4B11
10.218.77.127 - 1,00:0d:5d:0f:88:8e,"",4B12B1,,Raritan,PX3-1842V-K2,3.4.0.5-44367,Good,4.847,,,1043.0,1051.0,23.6,4B12
10.218.77.127 - 2,,"",4B12R1,,Raritan,PX3-1842V-K1,3.4.0.5-44367,Good,4.676,,,1010.0,1016.0,,4B12
10.218.77.128 - 1,00:0d:5d:0f:88:d9,"",4B13B1,,Raritan,PX3-1842V-K2,3.4.0.5-44367,Good,0.0,,,,,23.7,4B13
10.218.77.128 - 2,,"",4B13R1,,Raritan,PX3-1842V-K1,3.4.0.5-44367,Good,0.0,,,,,,4B13
10.218.77.129 - 1,00:0d:5d:0f:88:1c,"",4B14B1,,Raritan,PX3-1842V-K2,3.4.0.5-44367,Good,0.0,,,,,23.5,4B14
10.218.77.129 - 2,,"",4B14R1,,Raritan,PX3-1842V-K1,3.4.0.5-44367,Good,0.0,,,,,,4B14
10.218.77.130 - 1,00:0d:5d:0f:88:e4,"",4B15B1,,Raritan,PX3-1842V-K2,3.4.0.5-44367,Good,0.0,,,,,23.6,4B15
10.218.77.130 - 2,,"",4B15R1,,Raritan,PX3-1842V-K1,3.4.0.5-44367,Good,0.0,,,,,,4B15
10.218.77.131 - 1,00:0d:5d:0f:88:34,"",4B16B1,,Raritan,PX3-1842V-K2,3.4.0.5-44367,Good,1.324,,,262.0,288.0,22.7,4B16
10.218.77.131 - 2,,"",4B16R1,,Raritan,PX3-1842V-K1,3.4.0.5-44367,Good,1.598,,,327.0,348.0,,4B16
10.218.77.132 - 1,00:0d:5d:10:98:69,"",4B17B2,,Raritan,PX3-1292R-K2,3.4.0.5-44367,Good,2.721,,,469.0,590.0,23.0,4B17
10.218.77.132 - 2,,"",4B17B1,,Raritan,PX3-1292R-K2,3.4.0.5-44367,Good,3.893,,,801.0,846.0,,4B17
10.218.77.132 - 3,,"",4B17R2,,Raritan,PX3-1292R-K1,3.4.0.5-44367,Good,2.557,,,436.0,556.0,,4B17
10.218.77.132 - 4,,"",4B17R1,,Raritan,PX3-1292R-K1,3.4.0.5-44367,Good,3.08,,,626.0,671.0,,4B17
10.218.77.133 - 1,00:0d:5d:10:98:61,"",4B18B2,,Raritan,PX3-1292R-K2,3.4.0.5-44367,Good,1.675,,,344.0,364.0,23.1,4B18
10.218.77.133 - 2,,"",4B18B1,,Raritan,PX3-1292R-K2,3.4.0.5-44367,Good,0.0,,,,,,4B18
10.218.77.133 - 3,,"",4B18R2,,Raritan,PX3-1292R-K1,3.4.0.5-44367,Good,1.866,,,386.0,407.0,,4B18
10.218.77.133 - 4,,"",4B18R1,,Raritan,PX3-1292R-K1,3.4.0.5-44367,Good,0.0,,,,,,4B18
10.218.77.134 - 1,00:0d:5d:10:98:57,"",4B19B2,,Raritan,PX3-1292R-K2,3.4.0.5-44367,Good,0.471,,,99.0,102.0,23.1,4B19
10.218.77.134 - 2,,"",4B19B1,,Raritan,PX3-1292R-K2,3.4.0.5-44367,Good,4.786,,,956.0,1037.0,,4B19
10.218.77.134 - 3,,"",4B19R2,,Raritan,PX3-1292R-K1,3.4.0.5-44367,Good,0.498,,,102.0,108.0,,4B19
10.218.77.134 - 4,,"",4B19R1,,Raritan,PX3-1292R-K1,3.4.0.5-44367,Good,4.546,,,906.0,986.0,,4B19
10.218.77.135 - 1,00:0d:5d:10:98:64,"",4B20B2,,Raritan,PX3-1292R-K2,3.4.0.5-44367,Good,0.0,,,,,24.4,4B20
10.218.77.135 - 2,,"",4B20B1,,Raritan,PX3-1292R-K2,3.4.0.5-44367,Good,7.629,,,1488.0,1646.0,,4B20
10.218.77.135 - 3,,"",4B20R2,,Raritan,PX3-1292R-K1,3.4.0.5-44367,Good,0.0,,,,,,4B20
10.218.77.135 - 4,,"",4B20R1,,Raritan,PX3-1292R-K1,3.4.0.5-44367,Good,8.071,,,1593.0,1748.0,,4B20
10.218.77.136 - 1,00:0d:5d:0f:88:a8,"",4B21B1,,Raritan,PX3-1842V-K2,3.4.0.5-44367,Good,0.0,,,,,26.1,4B21
10.218.77.136 - 2,,"",4B21R1,,Raritan,PX3-1842V-K1,3.4.0.5-44367,Good,0.0,,,,,,4B21
10.218.77.137 - 1,00:0d:5d:0f:88:12,"",4B22B1,,Raritan,PX3-1842V-K2,3.4.0.5-44367,Good,5.244,,,1102.0,1136.0,24.3,4B22
10.218.77.137 - 2,,"",4B22R1,,Raritan,PX3-1842V-K1,3.4.0.5-44367,Good,5.174,,,1096.0,1126.0,,4B22
10.218.77.138 - 1,00:0d:5d:0f:88:b8,"",4B23B1,,Raritan,PX3-1842V-K2,3.4.0.5-44367,Good,7.198,,,1439.0,1560.0,23.7,4B23
10.218.77.138 - 2,,"",4B23R1,,Raritan,PX3-1842V-K1,3.4.0.5-44367,Good,7.341,,,1476.0,1597.0,,4B23
10.218.77.139 - 1,00:0d:5d:0f:88:11,"",4B24B1,,Raritan,PX3-1842V-K2,3.4.0.5-44367,Good,10.893,,,2235.0,2366.0,23.1,4B24
10.218.77.139 - 2,,"",4B24B2,,Raritan,PX3-1842V-K2,3.4.0.5-44367,Good,0.0,,,,,,4B24
10.218.77.139 - 3,,"",4B24R1,,Raritan,PX3-1842V-K1,3.4.0.5-44367,Good,11.184,,,2292.0,2434.0,,4B24
10.218.77.139 - 4,,"",4B24R2,,Raritan,PX3-1842V-K1,3.4.0.5-44367,Good,0.0,,,,,,4B24
10.218.77.140 - 1,00:0d:5d:0f:88:43,"",4B25B1,,Raritan,PX3-1842V-K2,3.4.0.5-44367,Good,9.819,,,2003.0,2128.0,23.2,4B25
10.218.77.140 - 2,,"",4B25B2,,Raritan,PX3-1842V-K2,3.4.0.5-44367,Good,1.521,,,301.0,332.0,,4B25
10.218.77.140 - 3,,"",4B25R1,,Raritan,PX3-1842V-K1,3.4.0.5-44367,Good,9.443,,,1927.0,2049.0,,4B25
10.218.77.140 - 4,,"",4B25R2,,Raritan,PX3-1842V-K1,3.4.0.5-44367,Good,1.644,,,330.0,360.0,,4B25
10.218.77.141 - 1,00:0d:5d:0f:88:df,"",4B26B1,,Raritan,PX3-1842V-K2,3.4.0.5-44367,Good,8.744,,,1788.0,1893.0,23.5,4B26
10.218.77.141 - 2,,"",4B26B2,,Raritan,PX3-1842V-K2,3.4.0.5-44367,Good,0.0,,,,,,4B26
10.218.77.141 - 3,,"",4B26R1,,Raritan,PX3-1842V-K1,3.4.0.5-44367,Good,8.833,,,1806.0,1916.0,,4B26
10.218.77.141 - 4,,"",4B26R2,,Raritan,PX3-1842V-K1,3.4.0.5-44367,Good,0.0,,,,,,4B26
10.218.77.142 - 1,00:0d:5d:10:98:6e,"",4B27B2,,Raritan,PX3-1292R-K2,3.4.0.5-44367,Good,4.275,,,848.0,926.0,24.4,4B27
10.218.77.142 - 2,,"",4B27B1,,Raritan,PX3-1292R-K2,3.4.0.5-44367,Good,5.102,,,1052.0,1108.0,,4B27
10.218.77.142 - 3,,"",4B27R2,,Raritan,PX3-1292R-K1,3.4.0.5-44367,Good,4.259,,,844.0,924.0,,4B27
10.218.77.142 - 4,,"",4B27R1,,Raritan,PX3-1292R-K1,3.4.0.5-44367,Good,4.794,,,992.0,1044.0,,4B27
10.218.77.143 - 1,00:0d:5d:0f:88:eb,"",4B28B1,,Raritan,PX3-1842V-K2,3.4.0.5-44367,Good,0.0,,,,,24.1,4B28
10.218.77.143 - 2,,"",4B28B2,,Raritan,PX3-1842V-K2,3.4.0.5-44367,Good,0.0,,,,,,4B28
10.218.77.143 - 3,,"",4B28R1,,Raritan,PX3-1842V-K1,3.4.0.5-44367,Good,0.0,,,,,,4B28
10.218.77.143 - 4,,"",4B28R2,,Raritan,PX3-1842V-K1,3.4.0.5-44367,Good,0.0,,,,,,4B28
10.218.77.144 - 1,00:0d:5d:0f:88:ce,"",4B29B1,,Raritan,PX3-1842V-K2,3.4.0.5-44367,Good,4.707,,,938.0,1024.0,22.9,4B29
10.218.77.144 - 2,,"",4B29B2,,Raritan,PX3-1842V-K2,3.4.0.5-44367,Good,0.0,,,,,,4B29
10.218.77.144 - 3,,"",4B29R1,,Raritan,PX3-1842V-K1,3.4.0.5-44367,Good,4.796,,,968.0,1046.0,,4B29
10.218.77.144 - 4,,"",4B29R2,,Raritan,PX3-1842V-K1,3.4.0.5-44367,Good,0.0,,,,,,4B29
10.218.77.145 - 1,00:0d:5d:0f:88:e3,"",4B30B1,,Raritan,PX3-1842V-K2,3.4.0.5-44367,Good,1.724,,,335.0,375.0,,4B30
10.218.77.145 - 2,,"",4B30B2,,Raritan,PX3-1842V-K2,3.4.0.5-44367,Warning,4.194,,,897.0,914.0,,4B30
10.218.77.145 - 3,,"",4B30R1,,Raritan,PX3-1842V-K1,3.4.0.5-44367,Good,1.696,,,328.0,369.0,21.9,4B30
10.218.77.145 - 4,,"",4B30R2,,Raritan,PX3-1842V-K1,3.4.0.5-44367,Warning,4.492,,,960.0,979.0,,4B30
10.218.77.146 - 1,00:0d:5d:0f:88:9b,"",4B31B1,,Raritan,PX3-1842V-K2,3.4.0.5-44367,Good,4.414,,,939.0,958.0,22.5,4B31
10.218.77.146 - 2,,"",4B31B2,,Raritan,PX3-1842V-K2,3.4.0.5-44367,Good,2.0,,,393.0,434.0,,4B31
10.218.77.146 - 3,,"",4B31R1,,Raritan,PX3-1842V-K1,3.4.0.5-44367,Good,4.868,,,1038.0,1059.0,,4B31
10.218.77.146 - 4,,"",4B31R2,,Raritan,PX3-1842V-K1,3.4.0.5-44367,Good,2.077,,,413.0,453.0,,4B31
10.218.77.147 - 1,00:0d:5d:0f:88:c9,"",4B32B1,,Raritan,PX3-1842V-K2,3.4.0.5-44367,Good,5.464,,,1162.0,1190.0,23.1,4B32
10.218.77.147 - 2,,"",4B32B2,,Raritan,PX3-1842V-K2,3.4.0.5-44367,Good,0.0,,,,,,4B32
10.218.77.147 - 3,,"",4B32R1,,Raritan,PX3-1842V-K1,3.4.0.5-44367,Good,5.488,,,1167.0,1196.0,,4B32
10.218.77.147 - 4,,"",4B32R2,,Raritan,PX3-1842V-K1,3.4.0.5-44367,Good,0.0,,,,,,4B32
10.218.77.148 - 1,00:0d:5d:0f:88:d7,"",4B33B1,,Raritan,PX3-1842V-K2,3.4.0.5-44367,Good,7.45,,,1520.0,1615.0,22.8,4B33
10.218.77.148 - 2,,"",4B33R1,,Raritan,PX3-1842V-K1,3.4.0.5-44367,Good,8.673,,,1779.0,1881.0,,4B33
10.218.77.149 - 1,00:0d:5d:0f:88:dd,"",4B34B1,,Raritan,PX3-1842V-K2,3.4.0.5-44367,Good,5.337,,,1126.0,1158.0,22.7,4B34
10.218.77.149 - 2,,"",4B34B2,,Raritan,PX3-1842V-K2,3.4.0.5-44367,Critical,5.382,,,1140.0,1171.0,,4B34
10.218.77.149 - 3,,"",4B34R1,,Raritan,PX3-1842V-K1,3.4.0.5-44367,Good,5.341,,,1132.0,1163.0,,4B34
10.218.77.149 - 4,,"",4B28R2,,Raritan,PX3-1842V-K1,3.4.0.5-44367,Good,5.438,,,1154.0,1184.0,,4B34
10.218.77.149 - 5,,"",4B34B3,,Raritan,PX3-1206R-K2,3.4.0.5-44367,Good,0.0,,,,,,4B34
10.218.77.149 - 6,,"",4B34R3,,Raritan,PX3-1206R-K1,3.4.0.5-44367,Good,0.0,,,,,,4B34
10.218.77.149 - 7,,"",4B34B4,,Raritan,PX3-1206R-K2,3.4.0.5-44367,Good,0.0,,,,,,4B34
10.218.77.149 - 8,,"",4B34R4,,Raritan,PX3-1206R-K1,3.4.0.5-44367,Good,0.0,,,,,,4B34
10.218.77.150 - 1,00:0d:5d:0f:88:c0,"",4B35B1,,Raritan,PX3-1842V-K2,3.4.0.5-44367,Critical,5.772,,,1189.0,1254.0,34.9,4B35
10.218.77.150 - 2,,"",4B35R1,,Raritan,PX3-1842V-K1,3.4.0.5-44367,Critical,5.697,,,1164.0,1242.0,,4B35
10.218.77.151 - 1,00:0d:5d:0f:88:b7,"",4B36B1,,Raritan,PX3-1842V-K2,3.4.0.5-44367,Warning,1.34,,,201.0,292.0,27.8,4B36
10.218.77.151 - 2,,"",4B36R1,,Raritan,PX3-1842V-K1,3.4.0.5-44367,Warning,1.402,,,209.0,306.0,,4B36
10.218.77.152 - 1,00:0d:5d:0f:88:8a,"",4B37B1,,Raritan,PX3-1842V-K2,3.4.0.5-44367,Good,1.788,,,356.0,388.0,24.0,4B37
10.218.77.152 - 2,,"",4B37R1,,Raritan,PX3-1842V-K1,3.4.0.5-44367,Good,2.103,,,405.0,458.0,,4B37
10.218.77.153 - 1,00:0d:5d:0f:88:87,"",4B38B1,,Raritan,PX3-1842V-K2,3.4.0.5-44367,Good,3.283,,,562.0,715.0,24.2,4B38
10.218.77.153 - 2,,"",4B38R1,,Raritan,PX3-1842V-K1,3.4.0.5-44367,Good,3.588,,,604.0,781.0,,4B38
10.218.77.154 - 1,00:0d:5d:0f:88:48,"",4B43B1,,Raritan,PX3-1842V-K2,3.4.0.5-44367,Good,2.242,,,419.0,489.0,,4B43
10.218.77.154 - 2,,"",4B43R1,,Raritan,PX3-1842V-K1,3.4.0.5-44367,Good,2.344,,,409.0,512.0,,4B43
10.218.77.155 - 1,00:0d:5d:0f:88:30,"",4B44B1,,Raritan,PX3-1842V-K2,3.4.0.5-44367,Good,1.094,,,223.0,238.0,,4B44
10.218.77.155 - 2,,"",4B44R1,,Raritan,PX3-1842V-K1,3.4.0.5-44367,Warning,1.109,,,206.0,242.0,29.1,4B44
10.218.77.156 - 1,00:0d:5d:0f:88:db,"",4B45B1,,Raritan,PX3-1842V-K2,3.4.0.5-44367,Good,2.303,,,435.0,502.0,22.7,4B45
10.218.77.156 - 2,,"",4B45R1,,Raritan,PX3-1842V-K1,3.4.0.5-44367,Good,3.98,,,828.0,866.0,,4B45
10.218.77.157 - 1,00:0d:5d:0f:88:d8,"",4B46B1,,Raritan,PX3-1842V-K2,3.4.0.5-44367,Good,1.908,,,402.0,415.0,25.2,4B46
10.218.77.157 - 2,,"",4B46R1,,Raritan,PX3-1842V-K1,3.4.0.5-44367,Good,1.97,,,420.0,429.0,,4B46
10.218.77.158 - 1,00:0d:5d:0f:88:b1,"",4B47B1,,Raritan,PX3-1842V-K2,3.4.0.5-44367,Good,3.261,,,673.0,708.0,24.4,4B47
10.218.77.158 - 2,,"",4B47R1,,Raritan,PX3-1842V-K1,3.4.0.5-44367,Good,3.169,,,652.0,689.0,,4B47
10.218.77.159 - 1,00:0d:5d:0f:87:e9,"",4B48B1,,Raritan,PX3-1842V-K2,3.4.0.5-44367,Critical,2.942,,,606.0,640.0,23.0,4B48
10.218.77.159 - 2,,"",4B48R1,,Raritan,PX3-1842V-K1,3.4.0.5-44367,Good,3.076,,,637.0,670.0,,4B48
10.218.77.160 - 1,00:0d:5d:0f:88:c4,"",4B49B1,,Raritan,PX3-1842V-K2,3.4.0.5-44367,Good,1.729,,,362.0,376.0,23.2,4B49
10.218.77.160 - 2,,"",4B49R1,,Raritan,PX3-1842V-K1,3.4.0.5-44367,Good,1.52,,,314.0,331.0,,4B49
10.218.77.161 - 1,00:0d:5d:0f:88:e1,"",4B50B1,,Raritan,PX3-1842V-K2,3.4.0.5-44367,Good,3.662,,,764.0,795.0,22.2,4B50
10.218.77.161 - 2,,"",4B50R1,,Raritan,PX3-1842V-K1,3.4.0.5-44367,Good,3.621,,,753.0,787.0,,4B50
10.218.77.162 - 1,00:0d:5d:0f:88:65,"",4B51B1,,Raritan,PX3-1842V-K2,3.4.0.5-44367,Good,,,,,,22.0,4B51
10.218.77.162 - 2,,"",4B51R1,,Raritan,PX3-1842V-K1,3.4.0.5-44367,Good,1.531,,,321.0,335.0,,4B51
10.218.77.163 - 1,00:0d:5d:10:98:5d,"",4B52B2,,Raritan,PX3-1292R-K2,3.4.0.5-44367,Good,5.15,,,1101.0,1115.0,21.7,4B52
10.218.77.163 - 2,,"",4B52B1,,Raritan,PX3-1292R-K2,3.4.0.5-44367,Good,4.987,,,1071.0,1078.0,,4B52
10.218.77.163 - 3,,"",4B52R2,,Raritan,PX3-1292R-K1,3.4.0.5-44367,Good,5.448,,,1164.0,1181.0,,4B52
10.218.77.163 - 4,,"",4B52R1,,Raritan,PX3-1292R-K1,3.4.0.5-44367,Good,4.424,,,948.0,959.0,,4B52
10.218.77.164 - 1,00:0d:5d:10:98:6d,"",4B53B2,,Raritan,PX3-1292R-K2,3.4.0.5-44367,Good,0.995,,,134.0,216.0,21.8,4B53
10.218.77.164 - 2,,"",4B53B1,,Raritan,PX3-1292R-K2,3.4.0.5-44367,Good,0.888,,,148.0,193.0,,4B53
10.218.77.164 - 3,,"",4B53R2,,Raritan,PX3-1292R-K1,3.4.0.5-44367,Good,6.911,,,1475.0,1494.0,,4B53
10.218.77.164 - 4,,"",4B53R1,,Raritan,PX3-1292R-K1,3.4.0.5-44367,Good,6.788,,,1465.0,1476.0,,4B53
10.218.77.165 - 1,00:0d:5d:10:98:6b,"",4B54B2,,Raritan,PX3-1292R-K2,3.4.0.5-44367,Good,0.469,,,95.0,102.0,21.5,4B54
10.218.77.165 - 2,,"",4B54B1,,Raritan,PX3-1292R-K2,3.4.0.5-44367,Good,0.0,,,,,,4B54
10.218.77.165 - 3,,"",4B54R2,,Raritan,PX3-1292R-K1,3.4.0.5-44367,Good,,,,,,,4B54
10.218.77.165 - 4,,"",4B54R1,,Raritan,PX3-1292R-K1,3.4.0.5-44367,Good,0.0,,,,,,4B54
10.218.77.166 - 1,00:0d:5d:0f:7e:7a,"",4B55B1,,Raritan,PX3-1811-K2,3.4.0.5-44367,Good,,,,,,21.8,4B55
10.218.77.166 - 2,,"",4B55B2,,Raritan,PX3-1811-K2,3.4.0.5-44367,Good,,,,,,,4B55
10.218.77.166 - 3,,"",4B55B3,,Raritan,PX3-1811-K2,3.4.0.5-44367,Good,,,,,,,4B55
10.218.77.166 - 4,,"",4B55R1,,Raritan,PX3-1811-K1,3.4.0.5-44367,Good,,,,,,,4B55
10.218.77.166 - 5,,"",4B55R2,,Raritan,PX3-1811-K1,3.4.0.5-44367,Good,,,,,,,4B55
10.218.77.166 - 6,,"",4B55R3,,Raritan,PX3-1811-K1,3.4.0.5-44367,Good,,,,,,,4B55
10.218.77.167 - 1,00:0d:5d:0f:7e:9b,"",4B56B1,,Raritan,PX3-1811-K2,3.4.0.5-44367,Good,4.688,,,992.0,1017.0,21.1,4B56
10.218.77.167 - 2,,"",4B56B2,,Raritan,PX3-1811-K2,3.4.0.5-44367,Good,,,,,,,4B56
10.218.77.167 - 3,,"",4B56B3,,Raritan,PX3-1811-K2,3.4.0.5-44367,Good,,,,,,,4B56
10.218.77.167 - 4,,"",4B56R1,,Raritan,PX3-1811-K1,3.4.0.5-44367,Good,,,,,,,4B56
10.218.77.167 - 5,,"",4B56R2,,Raritan,PX3-1811-K1,3.4.0.5-44367,Good,,,,,,,4B56
10.218.77.167 - 6,,"",4B56R3,,Raritan,PX3-1811-K1,3.4.0.5-44367,Good,,,,,,,4B56
10.218.77.168 - 1,00:0d:5d:0f:7e:90,"",4B57B1,,Raritan,PX3-1811-K2,3.4.0.5-44367,Good,0.514,,,106.0,112.0,21.5,4B57
10.218.77.168 - 2,,"",4B57B2,,Raritan,PX3-1811-K2,3.4.0.5-44367,Good,0.0,,,,,,4B57
10.218.77.168 - 3,,"",4B57B3,,Raritan,PX3-1811-K2,3.4.0.5-44367,Good,0.0,,,,,,4B57
10.218.77.168 - 4,,"",4B57R1,,Raritan,PX3-1811-K1,3.4.0.5-44367,Good,0.487,,,101.0,107.0,,4B57
10.218.77.168 - 5,,"",4B57R2,,Raritan,PX3-1811-K1,3.4.0.5-44367,Good,0.0,,,,,,4B57
10.218.77.168 - 6,,"",4B57R3,,Raritan,PX3-1811-K1,3.4.0.5-44367,Good,0.0,,,,,,4B57
10.218.77.169,00:0d:5d:11:7e:92,,4B5801,"",Raritan,EMX2-111,3.3.10.5-43736,Good,,,,,,21.4,4B58
10.218.77.170 - 1,00:0d:5d:0f:7e:97,"",4B59B1,,Raritan,PX3-1811-K2,3.4.0.5-44367,Good,0.493,,,102.0,108.0,20.7,4B59
10.218.77.170 - 2,,"",4B59B2,,Raritan,PX3-1811-K2,3.4.0.5-44367,Good,0.407,,,76.0,89.0,,4B59
10.218.77.170 - 3,,"",4B59B3,,Raritan,PX3-1811-K2,3.4.0.5-44367,Good,3.36,,,694.0,730.0,,4B59
10.218.77.170 - 4,,"",4B59R1,,Raritan,PX3-1811-K1,3.4.0.5-44367,Good,0.513,,,109.0,112.0,,4B59
10.218.77.170 - 5,,"",4B59R2,,Raritan,PX3-1811-K1,3.4.0.5-44367,Good,0.421,,,79.0,92.0,,4B59
10.218.77.170 - 6,,"",4B59R3,,Raritan,PX3-1811-K1,3.4.0.5-44367,Good,3.721,,,775.0,810.0,,4B59
10.218.77.171 - 1,00:0d:5d:12:38:22,"",4B60B1,,Raritan,PX3-1292R-K2,3.4.0.5-44367,Good,0.445,,,92.0,97.0,22.2,4B60
10.218.77.171 - 2,,"",4B60B2,,Raritan,PX3-1292R-K2,3.4.0.5-44367,Good,0.0,,,,,,4B60
10.218.77.171 - 3,,"",4B60R1,,Raritan,PX3-1292R-K1,3.4.0.5-44367,Good,0.466,,,98.0,102.0,,4B60
10.218.77.171 - 4,,"",4B60R2,,Raritan,PX3-1292R-K1,3.4.0.5-44367,Good,0.0,,,,,,4B60
10.218.77.172 - 1,00:0d:5d:11:be:bb,"",4B61B1,,Raritan,PX3-1292R-K2,3.4.0.5-44367,Good,0.453,,,92.0,99.0,21.5,4B61
10.218.77.172 - 2,,"",4B61B2,,Raritan,PX3-1292R-K2,3.4.0.5-44367,Good,2.007,,,399.0,438.0,,4B61
10.218.77.172 - 3,,"",4B61R1,,Raritan,PX3-1292R-K1,3.4.0.5-44367,Good,0.471,,,99.0,103.0,,4B61
10.218.77.172 - 4,,"",4B61R2,,Raritan,PX3-1292R-K1,3.4.0.5-44367,Good,2.04,,,408.0,446.0,,4B61
10.218.77.173 - 1,00:0d:5d:11:be:c1,"",4B62B1,,Raritan,PX3-1292R-K2,3.4.0.5-44367,Good,0.465,,,95.0,101.0,21.9,4B62
10.218.77.173 - 2,,"",4B62B2,,Raritan,PX3-1292R-K2,3.4.0.5-44367,Good,0.0,,,,,,4B62
10.218.77.173 - 3,,"",4B62R1,,Raritan,PX3-1292R-K1,3.4.0.5-44367,Good,0.463,,,95.0,101.0,,4B62
10.218.77.173 - 4,,"",4B62R2,,Raritan,PX3-1292R-K1,3.4.0.5-44367,Good,0.0,,,,,,4B62
10.218.77.174 - 1,00:0d:5d:12:38:1e,"",4B63B1,,Raritan,PX3-1292R-K2,3.4.0.5-44367,Good,5.262,,,1057.0,1138.0,21.6,4B63
10.218.77.174 - 2,,"",4B63B2,,Raritan,PX3-1292R-K2,3.4.0.5-44367,Good,4.64,,,926.0,1010.0,,4B63
10.218.77.174 - 3,,"",4B63R1,,Raritan,PX3-1292R-K1,3.4.0.5-44367,Good,5.423,,,1100.0,1178.0,,4B63
10.218.77.174 - 4,,"",4B63R2,,Raritan,PX3-1292R-K1,3.4.0.5-44367,Good,4.884,,,981.0,1067.0,,4B63
10.218.77.175 - 1,00:0d:5d:12:38:2c,"",4B64B1,,Raritan,PX3-1292R-K2,3.4.0.5-44367,Critical,8.399,,,1650.0,1818.0,21.2,4B64
10.218.77.175 - 2,,"",4B64B2,,Raritan,PX3-1292R-K2,3.4.0.5-44367,Good,2.204,,,435.0,479.0,,4B64
10.218.77.175 - 3,,"",4B64R1,,Raritan,PX3-1292R-K1,3.4.0.5-44367,Good,8.452,,,1667.0,1840.0,,4B64
10.218.77.175 - 4,,"",4B64R2,,Raritan,PX3-1292R-K1,3.4.0.5-44367,Good,2.34,,,466.0,509.0,,4B64
10.218.77.176 - 1,00:0d:5d:12:38:20,"",4B65B1,,Raritan,PX3-1292R-K2,3.4.0.5-44367,Good,4.786,,,962.0,1037.0,21.4,4B65
10.218.77.176 - 2,,"",4B65B2,,Raritan,PX3-1292R-K2,3.4.0.5-44367,Good,1.078,,,228.0,235.0,,4B65
10.218.77.176 - 3,,"",4B65R1,,Raritan,PX3-1292R-K1,3.4.0.5-44367,Good,4.088,,,813.0,891.0,,4B65
10.218.77.176 - 4,,"",4B65R2,,Raritan,PX3-1292R-K1,3.4.0.5-44367,Good,1.028,,,217.0,225.0,,4B65
10.218.77.177 - 1,00:0d:5d:0f:88:b2,"",4B66B1,,Raritan,PX3-1842V-K2,3.4.0.5-44367,Good,10.403,,,2050.0,2253.0,,4B66
10.218.77.177 - 2,,"",4B66R1,,Raritan,PX3-1842V-K1,3.4.0.5-44367,Good,10.677,,,2119.0,2314.0,23.7,4B66
10.218.77.178 - 1,00:0d:5d:0f:88:ad,"",4B67B1,,Raritan,PX3-1842V-K2,3.4.0.5-44367,Good,8.937,,,1738.0,1939.0,,4B67
10.218.77.178 - 2,,"",4B67R1,,Raritan,PX3-1842V-K1,3.4.0.5-44367,Good,8.865,,,1728.0,1930.0,23.3,4B67
10.218.77.179 - 1,00:0d:5d:0f:88:4b,"",4B68B1,,Raritan,PX3-1842V-K2,3.4.0.5-44367,Good,10.371,,,2035.0,2236.0,,4B68
10.218.77.179 - 2,,"",4B68R1,,Raritan,PX3-1842V-K1,3.4.0.5-44367,Good,10.434,,,2072.0,2274.0,23.2,4B68
10.218.77.180 - 1,00:0d:5d:0f:88:7f,"",4B69B1,,Raritan,PX3-1842V-K2,3.4.0.5-44367,Good,0.0,,,,,,4B69
10.218.77.180 - 2,,"",4B69R1,,Raritan,PX3-1842V-K1,3.4.0.5-44367,Good,0.0,,,,,23.6,4B69
10.218.77.201,,,,,,,,Warning,,,,,,,4A35
10.218.77.202,,,,,,,,Warning,,,,,,,4A36
10.218.77.203,,,,,,,,Warning,,,,,,,4A43
10.218.77.204,,,,,,,,Warning,,,,,,,4A44
10.218.77.206,,,,,,,,Warning,,,,,,,4B36
10.218.77.207,,,,,,,,Warning,,,,,,,4B43
10.218.77.208,,,,,,,,Warning,,,,,,,4B44
57.28.180.17,00:0d:5d:12:65:0a,,EMX,"",Raritan,EMX2-111,3.4.0.5-44367,Good,,,,,,,6S061-D1
57.28.180.28 - 1,00:0d:5d:16:d8:7f,"",UPS-U3,,Raritan,PX3-5842V-K1,3.5.0.5-45371,Good,0.0,,,,,,Rack 3
57.28.180.28 - 2,,"",CP-L7,,Raritan,PX3-5842V-K2,3.5.0.5-45371,Good,0.0,,,,,21.7,Rack 3
57.28.180.29 - 1,00:0d:5d:16:d8:7d,"",UPS-U2,,Raritan,PX3-5842V-K1,3.5.0.5-45371,Good,4.747,,,956.0,1042.0,,Rack 2
57.28.180.29 - 2,,"",CP-L13,,Raritan,PX3-5842V-K2,3.5.0.5-45371,Good,4.25,,,868.0,925.0,30.2,Rack 2
57.28.180.30 - 1,00:0d:5d:16:d8:7b,"",UPS-U1,,Raritan,PX3-5842V-K1,3.5.0.5-45371,Good,0.139,,,4.0,31.0,,Rack 1
57.28.180.30 - 2,,"",CP-L11,,Raritan,PX3-5842V-K2,3.5.0.5-45371,Good,0.751,,,90.0,164.0,23.6,Rack 1
172.16.30.22,00:0d:5d:13:d0:5e,,EMX,"",Raritan,EMX2-111,3.4.0.5-44367,Good,,,,,,,Data Center
